county_fips,latitude,longitude
01001,32.500194,-86.487813
01003,30.537396,-87.761478
01005,31.843981,-85.301306
01007,33.032236,-87.136826
01009,33.954604,-86.592667
01011,32.115838,-85.702354
01013,31.776019,-86.6524
01015,33.727215,-85.817974
01017,32.85644,-85.25964
01019,34.180501,-85.629887
01021,32.879146,-86.688861
01023,32.016121,-88.262482
01025,31.683493,-87.815868
01027,33.274342,-85.817245
01029,33.625217,-85.495748
01031,31.353217,-85.899556
01033,34.724339,-87.681892
01035,31.41643,-86.997537
01037,32.976884,-86.156212
01039,31.284146,-86.409203
01041,31.747324,-86.296787
01043,34.162652,-86.83269
01045,31.383858,-85.63771
01047,32.411818,-87.035342
01049,34.452725,-85.817465
01051,32.558527,-86.225332
01053,31.085439,-87.280078
01055,34.012182,-86.025892
01057,33.726912,-87.76749
01059,34.463509,-87.793592
01061,31.094511,-85.781426
01063,32.833838,-87.924522
01065,32.783251,-87.627964
01067,31.469275,-85.271132
01069,31.204793,-85.39632
01071,34.727289,-85.943552
01073,33.517206,-86.811606
01075,33.761275,-88.108771
01077,34.865524,-87.608858
01079,34.540863,-87.27158
01081,32.592265,-85.359778
01083,34.803982,-86.922366
01085,32.164241,-86.615186
01087,32.429073,-85.711764
01089,34.742996,-86.61533
01091,32.342372,-87.803475
01093,34.110448,-87.876476
01095,34.311249,-86.291329
01097,30.684049,-88.175178
01099,31.4988,-87.364576
01101,32.346473,-86.233787
01103,34.513887,-86.931981
01105,32.584881,-87.369738
01107,33.284667,-88.074381
01109,31.786041,-85.946994
01111,33.264692,-85.427378
01113,32.414904,-85.054594
01115,33.660943,-86.374875
01117,33.290336,-86.73899
01119,32.571003,-88.230925
01121,33.376936,-86.165876
01123,32.851728,-85.864016
01125,33.214817,-87.518474
01127,33.834217,-87.250515
01129,31.413666,-88.195263
01131,32.007448,-87.376912
01133,34.164369,-87.415624
02013,54.672887,-163.763729
02016,54.024627,-168.148047
02020,61.191547,-149.792287
02050,60.667568,-162.178288
02060,58.733456,-156.833611
02063,60.881369,-146.199156
02066,62.060769,-145.032939
02068,63.86431,-149.027498
02070,59.128804,-158.75132
02090,64.831239,-147.623249
02100,59.234185,-135.497336
02105,58.123876,-135.423534
02110,58.360173,-134.533023
02122,60.283998,-151.068103
02130,55.369105,-131.678418
02150,57.774607,-152.454785
02158,62.076819,-164.34049
02164,58.617154,-156.27339
02170,61.607247,-149.432649
02180,64.431631,-165.269108
02185,70.480816,-155.295377
02188,66.897051,-161.582978
02195,56.79507,-132.943575
02198,55.59077,-132.668824
02220,57.062777,-135.335988
02230,59.465893,-135.310551
02240,63.861551,-144.698751
02275,56.426145,-132.355422
02282,59.545059,-139.714907
02290,64.966051,-152.827744
04001,35.543654,-109.419015
04003,31.603486,-110.072835
04005,35.476113,-111.601825
04007,33.844439,-111.015003
04009,32.867145,-109.808107
04011,32.985155,-109.259546
04012,33.954185,-114.183775
04013,33.490147,-112.044016
04015,35.034511,-114.262415
04017,34.862151,-110.205157
04019,32.216427,-110.95803
04021,33.069323,-111.602135
04023,31.439234,-110.945948
04025,34.628734,-112.273841
04027,32.641391,-114.605444
05001,34.403488,-91.460834
05003,33.17959,-91.877908
05005,36.331791,-92.383935
05007,36.335056,-94.230342
05009,36.266608,-93.098769
05011,33.574422,-92.101277
05013,33.585989,-92.500683
05015,36.375744,-93.574712
05017,33.325951,-91.318357
05019,34.099325,-93.123962
05021,36.370287,-90.366417
05023,35.507218,-92.037753
05025,33.912967,-92.136375
05027,33.258766,-93.247178
05029,35.21299,-92.705923
05031,35.835762,-90.669235
05033,35.494096,-94.285922
05035,35.176704,-90.213521
05037,35.251667,-90.777424
05039,33.864882,-92.525216
05041,33.768029,-91.415165
05043,33.627329,-91.784085
05045,35.105697,-92.406071
05047,35.442155,-93.891039
05049,36.375654,-91.766807
05051,34.505767,-93.080729
05053,34.311672,-92.412583
05055,36.071536,-90.522562
05057,33.698177,-93.620782
05059,34.353569,-92.895511
05061,33.981466,-93.908938
05063,35.750729,-91.607338
05065,36.1215,-91.911716
05067,35.623062,-91.246504
05069,34.234814,-92.045118
05071,35.476548,-93.473125
05073,33.278875,-93.557713
05075,36.070844,-91.064441
05077,34.787429,-90.769631
05079,33.973433,-91.745899
05081,33.700349,-94.198663
05083,35.227664,-93.768311
05085,34.916983,-91.973917
05087,36.062896,-93.757685
05089,36.284395,-92.660219
05091,33.402394,-93.987198
05093,35.843368,-90.001606
05095,34.777063,-91.221516
05097,34.514568,-93.622447
05099,33.725543,-93.359433
05101,35.982591,-93.165658
05103,33.573847,-92.838686
05105,34.998711,-92.777667
05107,34.530919,-90.703802
05109,34.186355,-93.626194
05111,35.604751,-90.558401
05113,34.522847,-94.25793
05115,35.309054,-93.096833
05117,34.863817,-91.540516
05119,34.775246,-92.315081
05121,36.302137,-90.989599
05123,35.016355,-90.774948
05125,34.596991,-92.546119
05127,34.904224,-94.097007
05129,35.923072,-92.660663
05131,35.318718,-94.354788
05133,34.015316,-94.30378
05135,36.178093,-91.51953
05137,35.855715,-92.133812
05139,33.207421,-92.65198
05141,35.568095,-92.42013
05143,36.09592,-94.172336
05145,35.239408,-91.773595
05147,35.233161,-91.251021
05149,35.127752,-93.28293
06001,37.706599,-122.098766
06003,38.728485,-119.847822
06005,38.395906,-120.778038
06007,39.658926,-121.72651
06009,38.157342,-120.645222
06011,39.153446,-122.083801
06013,37.93501,-122.024961
06015,41.790833,-124.164236
06017,38.741021,-120.761446
06019,36.743848,-119.765291
06021,39.665777,-122.179287
06023,40.757636,-124.088127
06025,32.841599,-115.540049
06027,37.171422,-118.268567
06029,35.369809,-118.941786
06031,36.252657,-119.726922
06033,38.976233,-122.732922
06035,40.393749,-120.584467
06037,34.067886,-118.24599
06039,37.037074,-120.009796
06041,37.986474,-122.546657
06043,37.532076,-119.971401
06045,39.285646,-123.394154
06047,37.274812,-120.628944
06049,41.521665,-120.631201
06051,37.773016,-118.970627
06053,36.614681,-121.646692
06055,38.325108,-122.319983
06057,39.220021,-120.915206
06059,33.732683,-117.858773
06061,38.839708,-121.198379
06063,39.981152,-120.821957
06065,33.799274,-117.076969
06067,38.568337,-121.381235
06069,36.843074,-121.402614
06071,34.190969,-117.359766
06073,32.884418,-117.112348
06075,37.760569,-122.436499
06077,37.924541,-121.302289
06079,35.341822,-120.665804
06081,37.563575,-122.339869
06083,34.645128,-120.1029
06085,37.315518,-121.91109
06087,36.986338,-121.938739
06089,40.578348,-122.300147
06091,39.607184,-120.421856
06093,41.572743,-122.493725
06095,38.236295,-122.067272
06097,38.412281,-122.720368
06099,37.618447,-120.955882
06101,39.137197,-121.643973
06103,40.114795,-122.219057
06105,40.629982,-123.096608
06107,36.254134,-119.23454
06109,37.972006,-120.325224
06111,34.242809,-119.025486
06113,38.598163,-121.718874
06115,39.131905,-121.510607
08001,39.876949,-104.920943
08003,37.481888,-105.877629
08005,39.646582,-104.838574
08007,37.240274,-107.089808
08009,37.368105,-102.53204
08011,38.072919,-103.166006
08013,40.062992,-105.180215
08014,39.939871,-105.058131
08015,38.676811,-106.085131
08017,38.817655,-102.470052
08019,39.713458,-105.532527
08021,37.199613,-105.987323
08023,37.29223,-105.444296
08025,38.193783,-103.856387
08027,38.133198,-105.382527
08029,38.798198,-107.913769
08031,39.72486,-104.950033
08033,37.746934,-108.758724
08035,39.482023,-104.87357
08037,39.600516,-106.733421
08039,39.388552,-104.52311
08041,38.877314,-104.75212
08043,38.426941,-105.214303
08045,39.507103,-107.549019
08047,39.856062,-105.483217
08049,40.051143,-105.978501
08051,38.660002,-106.944384
08053,38.002552,-107.29875
08055,37.612538,-104.887584
08057,40.690192,-106.295485
08059,39.72369,-105.130309
08061,38.470085,-102.700966
08063,39.310418,-102.462031
08065,39.244814,-106.30747
08067,37.266021,-107.803947
08069,40.504402,-105.089155
08071,37.192053,-104.501324
08073,39.180049,-103.614219
08075,40.64034,-103.185977
08077,39.092942,-108.546673
08079,37.779142,-106.942063
08081,40.51606,-107.613977
08083,37.371913,-108.554458
08085,38.481301,-107.922349
08087,40.254229,-103.789071
08089,38.023236,-103.655776
08091,38.146044,-107.751894
08093,39.305737,-105.625362
08095,40.599356,-102.385877
08097,39.231757,-106.908716
08099,38.083029,-102.548624
08101,38.265773,-104.646976
08103,40.05108,-108.268744
08105,37.61185,-106.242067
08107,40.455504,-106.89741
08109,37.925349,-106.006105
08111,37.801877,-107.673598
08113,37.971818,-107.958108
08115,40.962161,-102.325673
08117,39.572383,-106.055673
08119,38.944782,-105.139899
08121,40.098312,-103.157119
08123,40.322426,-104.807009
08125,40.065848,-102.480825
09001,41.206021,-73.367214
09003,41.761165,-72.717868
09005,41.726958,-73.190432
09007,41.479018,-72.571631
09009,41.396593,-72.942327
09011,41.443271,-72.097543
09013,41.842288,-72.372969
09015,41.80508,-71.993508
10001,39.127081,-75.55913
10003,39.678852,-75.63529
10005,38.661794,-75.331473
11001,38.910168,-77.013993
12001,29.664721,-82.391582
12003,30.286374,-82.184536
12005,30.21282,-85.670601
12007,29.949896,-82.128265
12009,28.225111,-80.690892
12011,26.135399,-80.226976
12013,30.464333,-85.125841
12015,26.953831,-82.117344
12017,28.865585,-82.455213
12019,30.087758,-81.800487
12021,26.203653,-81.69257
12023,30.122022,-82.664496
12027,27.1868,-81.87051
12029,29.634593,-83.058664
12031,30.298646,-81.620436
12033,30.485666,-87.277106
12035,29.521471,-81.222102
12037,29.785968,-84.813247
12039,30.593632,-84.571737
12041,29.705263,-82.808104
12043,26.897019,-81.189563
12045,29.955584,-85.259724
12047,30.501436,-82.999025
12049,27.548142,-81.816969
12051,26.726562,-81.216144
12053,28.504446,-82.497025
12055,27.462632,-81.444816
12057,27.967264,-82.39857
12059,30.847037,-85.754664
12061,27.671332,-80.440738
12063,30.797248,-85.218988
12065,30.502892,-83.89133
12067,30.063591,-83.176369
12069,28.716853,-81.750668
12071,26.576019,-81.851845
12073,30.466102,-84.269682
12075,29.380119,-82.662921
12077,30.399108,-84.907135
12079,30.472359,-83.425943
12081,27.478313,-82.520478
12083,29.135817,-82.126125
12085,27.145869,-80.245706
12086,25.769326,-80.30118
12087,24.747427,-81.244796
12089,30.608318,-81.63434
12091,30.551645,-86.565567
12093,27.271934,-80.824315
12095,28.526077,-81.388371
12097,28.269056,-81.39037
12099,26.616523,-80.143701
12101,28.258217,-82.51024
12103,27.900189,-82.727015
12105,28.042479,-81.786864
12107,29.60923,-81.721195
12109,29.991793,-81.434924
12111,27.333592,-80.357144
12113,30.547226,-87.035767
12115,27.201139,-82.416033
12117,28.699171,-81.310073
12119,28.83348,-82.024754
12121,30.213664,-82.985113
12123,30.056859,-83.590349
12125,30.011442,-82.35769
12127,29.072351,-81.126278
12129,30.187394,-84.332906
12131,30.543793,-86.19019
12133,30.649403,-85.62387
13001,31.770708,-82.338755
13003,31.317495,-82.878111
13005,31.547,-82.46609
13007,31.31096,-84.433608
13009,33.085482,-83.243621
13011,34.349158,-83.507471
13013,33.992491,-83.728597
13015,34.208535,-84.829148
13017,31.727139,-83.24814
13019,31.233472,-83.251763
13021,32.834626,-83.690072
13023,32.401506,-83.332183
13025,31.217234,-81.970017
13027,30.841118,-83.54227
13029,31.958731,-81.353407
13031,32.415313,-81.762378
13033,33.103215,-82.002339
13035,33.294854,-83.972919
13037,31.526143,-84.662951
13039,30.812543,-81.631375
13043,32.399154,-82.060428
13045,33.623974,-85.043815
13047,34.928524,-85.172189
13049,30.786554,-82.024244
13051,32.043151,-81.136643
13053,32.342797,-84.896374
13055,34.496004,-85.344042
13057,34.170504,-84.494745
13059,33.950374,-83.381417
13061,31.634951,-85.014589
13063,33.551579,-84.361187
13065,31.021262,-82.744401
13067,33.941801,-84.557976
13069,31.515718,-82.838428
13071,31.179661,-83.767871
13073,33.514668,-82.175338
13075,31.148353,-83.423804
13077,33.377998,-84.73346
13079,32.706715,-83.930196
13081,31.949314,-83.778048
13083,34.881193,-85.497925
13085,34.400246,-84.102212
13087,30.889772,-84.569999
13089,33.790223,-84.247613
13091,32.212397,-83.173704
13093,32.170176,-83.78074
13095,31.574147,-84.171202
13097,33.724594,-84.735518
13099,31.335623,-84.919905
13101,30.712259,-83.050326
13103,32.287329,-81.299809
13105,34.128394,-82.880506
13107,32.586625,-82.306411
13109,32.168708,-81.906627
13111,34.902937,-84.312915
13113,33.428121,-84.513188
13115,34.256222,-85.183346
13117,34.190488,-84.150182
13119,34.378121,-83.186359
13121,33.832534,-84.396191
13123,34.675112,-84.486082
13125,33.236629,-82.60966
13127,31.202596,-81.486211
13129,34.498248,-84.907765
13131,30.881836,-84.212447
13133,33.535248,-83.179388
13135,33.954137,-84.053177
13137,34.565656,-83.541387
13139,34.26936,-83.847644
13141,33.254841,-83.01325
13143,33.760719,-85.184723
13145,32.69754,-84.894283
13147,34.355547,-82.964995
13149,33.307964,-85.116748
13151,33.470292,-84.174632
13153,32.565757,-83.663692
13155,31.604345,-83.27986
13157,34.129495,-83.599045
13159,33.358288,-83.726512
13161,31.847814,-82.600257
13163,33.06898,-82.408116
13165,32.789871,-81.947165
13167,32.699439,-82.684511
13169,32.961196,-83.550237
13171,33.084155,-84.154394
13173,31.037307,-83.097639
13175,32.517494,-82.925405
13177,31.680634,-84.177116
13179,31.828772,-81.5777
13181,33.780601,-82.445454
13183,31.775868,-81.731661
13185,30.860299,-83.281437
13187,34.524477,-83.988151
13189,33.459579,-82.468712
13191,31.480147,-81.405656
13193,32.324124,-84.039478
13195,34.101336,-83.240303
13197,32.382601,-84.524649
13199,33.016626,-84.675396
13201,31.160435,-84.738302
13205,31.218188,-84.171176
13207,33.037037,-83.909101
13209,32.173336,-82.52948
13211,33.600047,-83.485701
13213,34.781729,-84.79164
13215,32.495642,-84.928926
13217,33.570575,-83.898026
13219,33.876988,-83.464103
13221,33.918851,-83.147433
13223,33.913898,-84.814237
13225,32.589118,-83.822766
13227,34.455831,-84.436004
13229,31.313022,-82.242367
13231,33.10478,-84.366582
13233,34.010871,-85.174625
13235,32.273393,-83.478958
13237,33.319719,-83.335457
13239,31.859563,-85.078114
13241,34.879707,-83.407047
13243,31.758591,-84.758082
13245,33.427932,-82.051886
13247,33.642136,-84.019225
13249,32.241832,-84.306635
13251,32.722235,-81.629825
13253,30.967903,-84.866698
13255,33.258944,-84.271569
13257,34.558402,-83.289701
13259,32.068608,-84.758019
13261,32.061409,-84.222402
13263,32.700716,-84.58298
13265,33.568965,-82.886099
13267,32.036453,-82.058473
13269,32.559079,-84.209743
13271,32.019316,-82.894969
13273,31.77202,-84.429026
13275,30.86927,-83.947978
13277,31.455071,-83.513873
13279,32.185481,-82.368674
13281,34.940026,-83.782885
13283,32.387282,-82.589236
13285,33.038124,-85.029721
13287,31.70277,-83.638274
13289,32.702269,-83.416707
13291,34.87746,-84.004818
13293,32.90722,-84.325253
13295,34.838709,-85.293092
13297,33.795968,-83.785302
13299,31.226953,-82.383829
13301,33.406673,-82.661562
13303,32.964333,-82.775581
13305,31.61057,-81.916558
13307,32.05245,-84.561824
13309,32.147523,-82.756158
13311,34.599638,-83.743731
13313,34.793647,-84.966305
13315,31.975538,-83.409194
13317,33.757224,-82.752748
13319,32.843967,-83.239243
13321,31.545333,-83.85916
15001,19.672735,-155.428067
15003,21.371521,-157.917219
15005,21.189607,-156.982059
15007,22.019834,-159.438951
15009,20.862853,-156.491993
16001,43.612091,-116.313143
16003,44.843883,-116.383254
16005,42.871117,-112.425092
16007,42.307481,-111.34121
16009,47.273057,-116.644633
16011,43.223106,-112.346259
16013,43.548124,-114.299016
16015,43.90651,-115.985316
16017,48.23649,-116.630197
16019,43.494825,-111.994434
16021,48.710599,-116.302645
16023,43.697316,-113.30219
16025,43.352907,-114.754454
16027,43.612485,-116.625046
16029,42.646162,-111.652123
16031,42.487358,-113.747762
16033,44.194725,-112.262134
16035,46.489093,-116.190755
16037,44.280306,-114.096283
16039,43.117658,-115.685056
16041,42.098212,-111.871828
16043,44.012878,-111.616883
16045,43.883064,-116.507732
16047,42.853491,-114.750399
16049,45.972026,-116.105519
16051,43.68709,-111.959043
16053,42.699506,-114.464966
16055,47.738595,-116.837402
16057,46.742589,-116.934836
16059,45.130443,-113.86099
16061,46.237559,-116.264039
16063,42.971703,-114.333319
16065,43.819187,-111.793855
16067,42.611171,-113.712634
16069,46.393945,-116.952097
16071,42.18223,-112.295487
16073,43.393385,-116.704658
16075,44.019562,-116.893339
16077,42.774583,-112.827325
16079,47.514916,-116.091781
16081,43.692414,-111.122065
16083,42.56026,-114.499626
16085,44.766234,-116.074739
16087,44.29827,-116.92098
17001,39.943853,-91.327397
17003,37.152943,-89.294878
17005,38.884765,-89.432041
17007,42.294302,-88.852137
17009,39.966021,-90.747509
17011,41.382406,-89.420549
17013,39.122999,-90.638209
17015,42.067256,-89.969163
17017,39.98041,-90.320947
17019,40.126856,-88.23646
17021,39.525376,-89.254079
17023,39.351511,-87.796198
17025,38.715726,-88.49181
17027,38.588708,-89.485747
17029,39.487996,-88.264625
17031,41.869515,-87.757998
17033,39.004797,-87.750005
17035,39.275024,-88.280686
17037,41.927566,-88.726804
17039,40.170876,-88.911355
17041,39.766979,-88.280371
17043,41.848928,-88.071268
17045,39.636396,-87.713766
17047,38.401606,-88.041233
17049,39.095854,-88.573292
17051,38.995881,-89.033955
17053,40.521655,-88.219432
17055,37.963987,-88.953694
17057,40.524812,-90.116575
17059,37.772903,-88.239193
17061,39.368918,-90.371192
17063,41.34999,-88.344624
17065,38.091614,-88.558979
17067,40.425023,-91.202357
17069,37.478271,-88.295955
17071,40.824767,-90.944727
17073,41.350891,-90.1358
17075,40.762253,-87.838453
17077,37.750199,-89.277101
17079,39.003923,-88.162638
17081,38.311195,-88.911598
17083,39.075249,-90.319327
17085,42.411305,-90.308466
17087,37.470122,-88.876484
17089,41.928443,-88.33542
17091,41.150459,-87.851699
17093,41.66076,-88.375603
17095,40.937986,-90.327754
17097,42.311645,-87.970527
17099,41.354304,-88.895139
17101,38.718154,-87.745966
17103,41.812143,-89.401894
17105,40.90184,-88.576241
17107,40.141565,-89.361411
17109,40.469965,-90.667814
17111,42.270305,-88.351365
17113,40.493799,-88.953797
17115,39.850646,-88.946554
17117,39.191697,-89.877091
17119,38.801004,-90.012645
17121,38.590624,-89.016141
17123,41.043266,-89.316199
17125,40.286175,-89.899393
17127,37.18088,-88.717761
17129,39.996935,-89.799159
17131,41.214503,-90.686612
17133,38.362245,-90.171982
17135,39.198374,-89.507428
17137,39.717059,-90.22838
17139,39.631716,-88.612657
17141,42.028664,-89.25403
17143,40.746692,-89.639949
17145,38.057689,-89.3224
17147,40.008986,-88.581901
17149,39.621897,-90.861323
17151,37.400771,-88.555783
17153,37.198544,-89.130564
17155,41.230538,-89.2681
17157,38.061445,-89.809741
17159,38.725443,-88.08785
17161,41.489119,-90.502512
17163,38.548186,-89.990225
17165,37.753419,-88.538134
17167,39.771106,-89.654882
17169,40.130099,-90.568789
17171,39.645952,-90.461992
17173,39.399379,-88.800594
17175,41.098391,-89.791981
17177,42.324957,-89.643639
17179,40.605153,-89.530221
17181,37.469028,-89.234288
17183,40.151056,-87.655499
17185,38.431889,-87.788862
17187,40.890671,-90.636753
17189,38.360726,-89.395405
17191,38.408213,-88.421765
17193,38.088921,-88.196465
17195,41.781958,-89.82525
17197,41.565502,-88.058558
17199,37.754392,-88.976636
17201,42.308321,-89.060442
17203,40.76916,-89.29163
18001,40.749532,-84.934318
18003,41.100842,-85.125233
18005,39.215015,-85.905294
18007,40.576258,-87.291866
18009,40.468109,-85.345621
18011,40.004643,-86.383249
18013,39.236665,-86.208688
18015,40.579184,-86.601213
18017,40.747129,-86.338974
18019,38.373412,-85.732548
18021,39.469332,-87.123964
18023,40.297795,-86.513556
18025,38.315739,-86.422116
18027,38.697526,-87.096158
18029,39.14676,-84.920533
18031,39.320693,-85.493081
18033,41.377157,-85.034535
18035,40.20524,-85.402908
18037,38.35868,-86.915674
18039,41.637245,-85.905688
18041,39.64037,-85.147252
18043,38.32223,-85.857888
18045,40.14941,-87.274375
18047,39.398519,-85.070967
18049,41.059339,-86.217151
18051,38.305848,-87.549447
18053,40.525256,-85.644184
18055,39.052523,-86.994152
18057,40.001506,-86.057612
18059,39.815247,-85.829626
18061,38.234174,-86.098168
18063,39.773147,-86.41108
18065,39.928844,-85.403738
18067,40.470296,-86.133562
18069,40.869855,-85.486182
18071,38.928711,-85.936294
18073,41.082454,-87.150606
18075,40.430767,-85.028696
18077,38.758699,-85.433151
18079,39.005508,-85.649705
18081,39.555913,-86.115187
18083,38.699306,-87.454832
18085,41.267835,-85.830509
18087,41.632874,-85.467264
18089,41.518998,-87.407505
18091,41.632279,-86.791226
18093,38.847818,-86.495942
18095,40.113496,-85.7088
18097,39.788896,-86.136268
18099,41.347653,-86.272256
18101,38.679659,-86.850513
18103,40.729384,-86.076111
18105,39.162275,-86.53857
18107,40.034526,-86.90058
18109,39.512934,-86.399124
18111,40.999168,-87.38049
18113,41.415849,-85.388959
18115,38.954376,-84.909987
18117,38.562253,-86.495955
18119,39.314578,-86.798175
18121,39.757908,-87.225163
18123,38.008616,-86.705505
18125,38.427019,-87.233088
18127,41.513979,-87.104333
18129,38.012717,-87.819868
18131,41.051366,-86.684796
18133,39.646449,-86.834304
18135,40.169491,-84.996903
18137,39.160663,-85.219308
18139,39.62209,-85.475672
18141,41.67642,-86.227079
18143,38.697942,-85.764092
18145,39.535011,-85.790065
18147,38.019216,-87.009078
18149,41.281734,-86.632742
18151,41.650003,-85.010961
18153,39.103793,-87.393185
18155,38.816976,-85.023673
18157,40.418699,-86.886959
18159,40.307543,-86.051278
18161,39.618364,-84.919464
18163,37.998233,-87.549603
18165,39.759924,-87.439022
18167,39.460456,-87.386916
18169,40.855768,-85.80421
18171,40.312721,-87.325412
18173,38.011051,-87.355616
18175,38.573362,-86.084553
18177,39.843304,-84.948672
18179,40.770773,-85.192988
18181,40.753581,-86.809953
18183,41.16305,-85.478007
19001,41.347726,-94.478337
19003,41.007205,-94.708824
19005,43.252971,-91.42476
19007,40.741265,-92.864741
19009,41.675888,-94.925428
19011,42.063318,-92.013283
19013,42.490207,-92.37179
19015,42.026222,-93.892211
19017,42.740346,-92.380697
19019,42.48513,-91.901131
19021,42.676707,-95.184296
19023,42.701602,-92.758281
19025,42.39777,-94.623179
19027,42.039462,-94.867701
19029,41.366511,-94.977692
19031,41.756011,-91.140408
19033,43.135216,-93.246108
19035,42.751225,-95.591928
19037,43.038731,-92.342847
19039,41.034767,-93.783479
19041,43.127358,-95.159344
19043,42.860684,-91.321147
19045,41.852141,-90.341168
19047,42.026692,-95.357436
19049,41.630722,-93.900543
19051,40.762546,-92.418316
19053,40.7123,-93.817156
19055,42.48163,-91.383936
19057,40.83528,-91.143256
19059,43.38895,-95.134559
19061,42.493173,-90.762214
19063,43.395995,-94.75827
19065,42.821543,-91.855739
19067,43.075228,-92.751434
19069,42.754609,-93.239282
19071,40.753741,-95.616798
19073,42.029106,-94.379863
19075,42.38048,-92.747282
19077,41.665841,-94.427696
19079,42.406603,-93.767427
19081,43.092315,-93.702667
19083,42.436346,-93.217038
19085,41.662599,-95.804583
19087,40.977985,-91.536884
19089,43.361965,-92.229351
19091,42.746569,-94.216619
19093,42.393275,-95.505465
19095,41.701018,-92.039155
19097,42.141479,-90.567662
19099,41.678059,-93.07144
19101,41.012603,-91.965861
19103,41.683586,-91.561276
19105,42.138136,-91.200472
19107,41.324433,-92.175248
19109,43.143301,-94.221432
19111,40.560697,-91.397062
19113,42.008474,-91.648394
19115,41.225335,-91.262686
19117,41.022123,-93.312466
19119,43.385476,-96.227291
19121,41.348667,-93.98679
19123,41.311761,-92.642105
19125,41.357267,-93.041728
19127,42.030436,-92.938199
19129,41.050907,-95.693715
19131,43.334549,-92.806056
19133,42.062617,-95.988925
19135,41.03376,-92.825189
19137,41.009252,-95.169693
19139,41.465515,-91.077753
19141,43.129233,-95.69531
19143,43.387203,-95.680981
19145,40.746972,-95.18734
19147,43.101085,-94.688525
19149,42.748026,-96.20304
19151,42.744041,-94.706993
19153,41.630968,-93.640165
19155,41.278446,-95.79385
19157,41.712451,-92.624939
19159,40.737978,-94.237097
19161,42.37525,-95.089609
19163,41.5647,-90.562678
19165,41.662625,-95.32328
19167,43.080798,-96.167993
19169,42.025132,-93.604948
19171,42.062414,-92.544134
19173,40.753586,-94.679839
19175,41.054759,-94.318334
19177,40.744224,-91.942474
19179,41.01642,-92.418899
19181,41.40685,-93.595647
19183,41.365129,-91.69418
19185,40.733313,-93.304108
19187,42.481229,-94.179496
19189,43.341507,-93.663913
19191,43.281109,-91.813207
19193,42.483312,-96.345995
19195,43.369396,-93.250437
19197,42.732976,-93.756305
20001,37.896944,-95.369306
20003,38.251802,-95.263224
20005,39.555375,-95.179193
20007,37.211912,-98.557723
20009,38.396456,-98.75829
20011,37.845974,-94.749672
20013,39.805025,-95.551801
20015,37.725409,-96.99849
20017,38.358225,-96.558338
20019,37.115752,-96.228059
20021,37.114832,-94.751725
20023,39.769323,-101.738091
20025,37.295814,-99.886429
20027,39.354338,-97.122448
20029,39.53486,-97.635801
20031,38.249077,-95.741609
20033,37.233664,-99.373213
20035,37.17461,-96.99836
20037,37.438265,-94.729385
20039,39.804239,-100.484373
20041,38.886002,-97.152074
20043,39.787452,-95.071424
20045,38.942493,-95.254186
20047,37.913198,-99.352782
20049,37.423675,-96.239085
20051,38.882206,-99.330542
20053,38.725437,-98.268058
20055,37.977246,-100.863047
20057,37.753005,-99.995523
20059,38.603542,-95.260357
20061,39.040483,-96.838824
20063,39.047079,-100.377754
20065,39.358244,-99.855627
20067,37.580299,-101.351338
20069,37.724149,-100.412286
20071,38.483553,-101.758084
20073,37.861919,-96.224613
20075,37.98058,-101.760582
20077,37.215327,-98.049879
20079,38.046143,-97.385867
20081,37.495004,-100.890211
20083,38.085859,-99.860131
20085,39.402317,-95.752834
20087,39.210953,-95.397523
20089,39.777617,-98.198892
20091,38.924919,-94.740299
20093,37.951539,-101.24168
20095,37.610273,-98.098011
20097,37.595999,-99.252339
20099,37.259841,-95.262384
20101,38.504038,-100.483419
20103,39.23513,-94.959527
20105,39.035019,-98.186201
20107,38.239619,-94.800976
20109,39.095504,-100.926327
20111,38.416221,-96.17907
20113,38.382645,-97.646719
20115,38.324754,-97.127529
20117,39.800328,-96.573926
20119,37.292243,-100.396872
20121,38.595195,-94.83105
20123,39.45426,-98.175033
20125,37.143443,-95.693873
20127,38.694354,-96.58085
20129,37.043232,-101.840026
20131,39.829395,-95.96626
20133,37.623786,-95.396134
20135,38.488254,-99.897744
20137,39.82351,-99.876765
20139,38.699173,-95.713137
20141,39.425897,-98.705316
20143,39.096393,-97.682422
20145,38.179763,-99.146958
20147,39.759487,-99.348621
20149,39.251723,-96.332282
20151,37.6448,-98.730599
20153,39.807173,-101.050348
20155,38.051646,-97.931942
20157,39.817924,-97.659071
20159,38.320405,-98.199874
20161,39.190165,-96.632706
20163,39.321747,-99.314061
20165,38.527826,-99.281206
20167,38.904218,-98.830652
20169,38.814764,-97.605554
20171,38.481574,-100.913143
20173,37.680269,-97.34439
20175,37.051086,-100.918735
20177,39.034789,-95.706417
20179,39.368138,-100.463405
20181,39.350878,-101.726045
20183,39.770601,-98.805608
20185,38.005058,-98.733831
20187,37.565287,-101.757372
20189,37.187133,-101.322543
20191,37.303365,-97.406786
20193,39.384656,-101.050191
20195,39.003748,-99.881416
20197,38.989695,-96.178582
20199,38.885844,-101.761616
20201,39.779332,-97.048861
20203,38.494575,-101.349645
20205,37.511463,-95.739717
20207,37.876071,-95.735035
20209,39.106038,-94.712818
21001,37.107461,-85.27965
21003,36.750241,-86.210149
21005,38.02799,-84.925693
21007,37.043623,-88.976992
21009,36.995285,-85.932182
21011,38.138475,-83.7406
21013,36.680825,-83.70439
21015,38.984893,-84.678985
21017,38.203999,-84.246703
21019,38.432179,-82.666251
21021,37.637853,-84.796823
21023,38.701217,-84.072685
21025,37.518699,-83.377385
21027,37.769799,-86.408122
21029,38.023787,-85.651771
21031,37.217537,-86.677714
21033,37.125484,-87.878812
21035,36.621007,-88.30609
21037,39.032376,-84.439251
21039,36.855639,-88.946346
21041,38.669245,-85.140741
21043,38.314087,-83.034886
21045,37.301616,-84.925995
21047,36.80904,-87.477832
21049,37.986421,-84.182808
21051,37.168974,-83.750091
21053,36.715915,-85.13447
21055,37.33223,-88.095012
21057,36.782421,-85.389733
21059,37.747426,-87.095079
21061,37.192292,-86.253259
21063,38.122978,-83.108689
21065,37.707053,-83.991846
21067,38.020293,-84.49441
21069,38.388852,-83.709683
21071,37.558551,-82.7396
21073,38.195361,-84.867165
21075,36.538105,-89.037115
21077,38.764935,-84.841609
21079,37.650333,-84.575237
21081,38.689224,-84.602905
21083,36.742207,-88.650736
21085,37.471252,-86.30457
21087,37.265986,-85.538884
21089,38.55436,-82.809161
21091,37.868547,-86.805118
21093,37.743564,-85.915853
21095,36.866097,-83.2338
21097,38.414072,-84.314294
21099,37.280435,-85.88777
21101,37.817983,-87.564508
21103,38.4314,-85.180752
21105,36.664413,-88.956556
21107,37.308856,-87.52201
21109,37.400575,-83.992381
21111,38.201451,-85.686227
21113,37.886869,-84.585371
21115,37.830575,-82.817074
21117,39.011065,-84.549073
21119,37.328988,-82.942351
21121,36.902733,-83.921054
21123,37.542807,-85.723159
21125,37.091997,-84.087505
21127,38.081027,-82.677508
21129,37.590698,-83.702693
21131,37.115702,-83.376004
21133,37.146816,-82.807202
21135,38.564104,-83.350474
21137,37.473364,-84.670402
21139,37.133064,-88.351386
21141,36.859958,-86.862831
21143,37.065485,-88.079475
21145,37.0493,-88.649871
21147,36.713019,-84.447417
21149,37.51554,-87.221398
21151,37.70685,-84.286707
21153,37.733397,-83.057067
21155,37.570127,-85.28442
21157,36.897003,-88.34
21159,37.835468,-82.516965
21161,38.616511,-83.789096
21163,37.934417,-86.134606
21165,37.945275,-83.595979
21167,37.785035,-84.84891
21169,36.990976,-85.64095
21171,36.707799,-85.723364
21173,38.037988,-83.918227
21175,37.914473,-83.268972
21177,37.238076,-87.146244
21179,37.820783,-85.4595
21181,38.324558,-84.022987
21183,37.464465,-86.864757
21185,38.372614,-85.459227
21187,38.530989,-84.831041
21189,37.45244,-83.68482
21191,38.715312,-84.359242
21193,37.258818,-83.200329
21195,37.463914,-82.427235
21197,37.850736,-83.880539
21199,37.092197,-84.614379
21201,38.520923,-84.051005
21203,37.380897,-84.351176
21205,38.194754,-83.444323
21207,37.030799,-85.058512
21209,38.230636,-84.568282
21211,38.212966,-85.232221
21213,36.732484,-86.571947
21215,38.06313,-85.350311
21217,37.350286,-85.342524
21219,36.812095,-87.173233
21221,36.845549,-87.834907
21223,38.61932,-85.33207
21225,37.652277,-87.929907
21227,36.966984,-86.435814
21229,37.738166,-85.192752
21231,36.838184,-84.845965
21233,37.502386,-87.68192
21235,36.814087,-84.141533
21237,37.739826,-83.509721
21239,38.048373,-84.726705
22001,30.281563,-92.350979
22003,30.669442,-92.779523
22005,30.254386,-90.934071
22007,29.921462,-91.065832
22009,31.057263,-92.067528
22011,30.723548,-93.282544
22013,32.384335,-93.079008
22015,32.560816,-93.659046
22017,32.468933,-93.799166
22019,30.225067,-93.257749
22021,32.073032,-92.104629
22023,29.957136,-93.210852
22025,31.694978,-91.820047
22027,32.826371,-93.033201
22029,31.592181,-91.54632
22031,32.121308,-93.778274
22033,30.460289,-91.100064
22035,32.761788,-91.184557
22037,30.820502,-91.090607
22039,30.690294,-92.361575
22041,32.147658,-91.695666
22043,31.530198,-92.538082
22045,29.994242,-91.80964
22047,30.271035,-91.232013
22049,32.283184,-92.643112
22051,29.945816,-90.152287
22053,30.241059,-92.746247
22055,30.198103,-92.042199
22057,29.690273,-90.63396
22059,31.726006,-92.16954
22061,32.54964,-92.645045
22063,30.48237,-90.843081
22065,32.397655,-91.197847
22067,32.785896,-91.8883
22069,31.757091,-93.097411
22071,29.975765,-90.05295
22073,32.516411,-92.131922
22075,29.725872,-89.903288
22077,30.664814,-91.4947
22079,31.286365,-92.455373
22081,32.054844,-93.305191
22083,32.440206,-91.718715
22085,31.578134,-93.564477
22087,29.930597,-89.937239
22089,29.938265,-90.376212
22091,30.786666,-90.693517
22093,30.020844,-90.736618
22095,30.072182,-90.511201
22097,30.510054,-92.112737
22099,30.231079,-91.83735
22101,29.738031,-91.339006
22103,30.386943,-89.961836
22105,30.561076,-90.449002
22107,31.960595,-91.298951
22109,29.596256,-90.725647
22111,32.788831,-92.398543
22113,29.998731,-92.161801
22115,31.09456,-93.24714
22117,30.839568,-90.004103
22119,32.699031,-93.338052
22121,30.436753,-91.266575
22123,32.827035,-91.427421
22125,30.888343,-91.442588
22127,31.930579,-92.67791
23001,44.117226,-70.202081
23003,46.701279,-68.088411
23005,43.746359,-70.305033
23007,44.707406,-70.225872
23009,44.471045,-68.468176
23011,44.395615,-69.748924
23013,44.132937,-69.161632
23015,44.034295,-69.553445
23017,44.279251,-70.614092
23019,44.944506,-68.797457
23021,45.242664,-69.256031
23023,43.956844,-69.871506
23025,44.820189,-69.685098
23027,44.490051,-69.086158
23029,44.861852,-67.46595
23031,43.422532,-70.64015
24001,39.628458,-78.820665
24003,39.071038,-76.604417
24005,39.368834,-76.620325
24009,38.551108,-76.54407
24011,38.873476,-75.830203
24013,39.526206,-76.993056
24015,39.614177,-75.936285
24017,38.58147,-76.951519
24019,38.571271,-76.011658
24021,39.427679,-77.400605
24023,39.51324,-79.305826
24025,39.520613,-76.309261
24027,39.217658,-76.854298
24029,39.244676,-76.05767
24031,39.087069,-77.124126
24033,38.909313,-76.888689
24035,39.021381,-76.149985
24037,38.307223,-76.577954
24039,38.13306,-75.742151
24041,38.7685,-76.098027
24043,39.618688,-77.73148
24045,38.372255,-75.593756
24047,38.30361,-75.234513
24510,39.314378,-76.618104
25001,41.692343,-70.328659
25003,42.456888,-73.218336
25005,41.794278,-71.109451
25007,41.419712,-70.60331
25009,42.625306,-70.991432
25011,42.578152,-72.559152
25013,42.125554,-72.574333
25015,42.312741,-72.572165
25017,42.447845,-71.254598
25019,41.267216,-70.089225
25021,42.202442,-71.146359
25023,42.023677,-70.855576
25025,42.336102,-71.077148
25027,42.303377,-71.802715
26001,44.668106,-83.46556
26003,46.384467,-86.711752
26005,42.608445,-85.871027
26007,45.050588,-83.502895
26009,44.978317,-85.198554
26011,44.044452,-83.884489
26013,46.766517,-88.450012
26015,42.618511,-85.349392
26017,43.629992,-83.929196
26019,44.651834,-86.011382
26021,41.985704,-86.406377
26023,41.929177,-85.030705
26025,42.289631,-85.106049
26027,41.892277,-86.040504
26029,45.244536,-85.11101
26031,45.511041,-84.52108
26033,46.365585,-84.396326
26035,43.944384,-84.825685
26037,42.886259,-84.55428
26039,44.657052,-84.668957
26041,45.801912,-87.065752
26043,45.832994,-88.014029
26045,42.645094,-84.739621
26047,45.432042,-84.910442
26049,43.002399,-83.693809
26051,43.968003,-84.439806
26053,46.446365,-89.992958
26055,44.713441,-85.613028
26057,43.34413,-84.631259
26059,41.916883,-84.605231
26061,47.127331,-88.54177
26063,43.832366,-83.063027
26065,42.688382,-84.486253
26067,42.957003,-85.086727
26069,44.357042,-83.532361
26071,46.099565,-88.53764
26073,43.608534,-84.80345
26075,42.241802,-84.406618
26077,42.262549,-85.586372
26079,44.720582,-85.164963
26081,42.961776,-85.625638
26083,47.336126,-88.289269
26085,43.95721,-85.799431
26087,43.058194,-83.249396
26089,44.906992,-85.730072
26091,41.926112,-84.052777
26093,42.575026,-83.856466
26095,46.335663,-85.56135
26097,45.997314,-84.881331
26099,42.589118,-82.957895
26101,44.306321,-86.185294
26103,46.486717,-87.492759
26105,43.97455,-86.346719
26107,43.650863,-85.382191
26109,45.342064,-87.579801
26111,43.643318,-84.296349
26113,44.307677,-85.179858
26115,41.901664,-83.486421
26117,43.283564,-85.172737
26119,44.997449,-84.12591
26121,43.243847,-86.214941
26123,43.466224,-85.811272
26125,42.586862,-83.314039
26127,43.632662,-86.305778
26129,44.286618,-84.127345
26131,46.718929,-89.288199
26133,43.965434,-85.357843
26135,44.701471,-84.14837
26137,45.006949,-84.666769
26139,42.911054,-86.015862
26141,45.356976,-83.868249
26143,44.364342,-84.650133
26145,43.399088,-83.996446
26147,42.912215,-82.563457
26149,41.887521,-85.526887
26151,43.365189,-82.782963
26153,46.006087,-86.226826
26155,42.942704,-84.147876
26157,43.429916,-83.433939
26159,42.260186,-86.001338
26161,42.257602,-83.726939
26163,42.329477,-83.226321
26165,44.309686,-85.486553
27001,46.570797,-93.52998
27003,45.195033,-93.269315
27005,46.846984,-95.781108
27007,47.585267,-94.86333
27009,45.634664,-94.10435
27011,45.395362,-96.446286
27013,44.133623,-93.994417
27015,44.285144,-94.59176
27017,46.644206,-92.532283
27019,44.836919,-93.679267
27021,46.817725,-94.417932
27023,44.961846,-95.618298
27025,45.452093,-92.924032
27027,46.855003,-96.673903
27029,47.559971,-95.388788
27031,47.790102,-90.339448
27033,43.938574,-95.120928
27035,46.430863,-94.162322
27037,44.763244,-93.154642
27039,44.030082,-92.805954
27041,45.907933,-95.389465
27043,43.682751,-93.954993
27045,43.696271,-92.081754
27047,43.662772,-93.361666
27049,44.446353,-92.66657
27051,45.948536,-95.931474
27053,44.976697,-93.361233
27055,43.720423,-91.438661
27057,47.058441,-94.933356
27059,45.542718,-93.259775
27061,47.315009,-93.521135
27063,43.66536,-95.109576
27065,45.885216,-93.297994
27067,45.154628,-95.017492
27069,48.729252,-96.77663
27071,48.510977,-93.489801
27073,44.982404,-96.130868
27075,47.186485,-91.560751
27077,48.769541,-94.744612
27079,44.39681,-93.716142
27081,44.373948,-96.252306
27083,44.428528,-95.796682
27085,44.85967,-94.264775
27087,47.300158,-95.837513
27089,48.306927,-96.530084
27091,43.665559,-94.50935
27093,45.136287,-94.481246
27095,45.790781,-93.623033
27097,45.984633,-94.329081
27099,43.665401,-92.901937
27101,43.982392,-95.740801
27103,44.265352,-94.058378
27105,43.635008,-95.663888
27107,47.308519,-96.484363
27109,44.024514,-92.476238
27111,46.408729,-95.789225
27113,48.102851,-96.147968
27115,46.030418,-92.894181
27117,43.980739,-96.268335
27119,47.783873,-96.562798
27121,45.630228,-95.439435
27123,44.99291,-93.10565
27125,47.875652,-96.132058
27127,44.440045,-95.189914
27129,44.721227,-94.942285
27131,44.372673,-93.26165
27133,43.648084,-96.237081
27135,48.82443,-95.646717
27137,47.078425,-92.307366
27139,44.714553,-93.466447
27141,45.402446,-93.718866
27143,44.58252,-94.165538
27145,45.559158,-94.355044
27147,44.06586,-93.214616
27149,45.577955,-95.921798
27151,45.272889,-95.637582
27153,46.065805,-94.889142
27155,45.751962,-96.547312
27157,44.298281,-92.21876
27159,46.52738,-95.044753
27161,44.062525,-93.551329
27163,44.985726,-92.921431
27165,43.992768,-94.58359
27167,46.316429,-96.525623
27169,44.023673,-91.718459
27171,45.199091,-93.818147
27173,44.737396,-95.830115
28001,31.545814,-91.35434
28003,34.909527,-88.529805
28005,31.187109,-90.807611
28007,33.065276,-89.589172
28009,34.813848,-89.203932
28011,33.771865,-90.768825
28013,33.930069,-89.309537
28015,33.46177,-89.919301
28017,33.93085,-88.93891
28019,33.339222,-89.234179
28021,31.931505,-90.950731
28023,32.067249,-88.731696
28025,33.624883,-88.693
28027,34.220105,-90.57036
28029,31.893381,-90.378623
28031,31.634654,-89.546964
28033,34.927389,-89.949653
28035,31.309279,-89.287954
28037,31.471678,-90.866734
28039,30.868417,-88.590917
28041,31.195402,-88.629422
28043,33.76756,-89.803438
28045,30.379142,-89.404092
28047,30.434161,-89.063779
28049,32.304046,-90.257
28051,33.089593,-90.028731
28053,33.164116,-90.518897
28055,32.889296,-91.018573
28057,34.289689,-88.404342
28059,30.443696,-88.66863
28061,31.961091,-89.144805
28063,31.714009,-91.057536
28065,31.575445,-89.816038
28067,31.667175,-89.167194
28069,32.763776,-88.672958
28071,34.359415,-89.52675
28073,31.273921,-89.439932
28075,32.401267,-88.692876
28077,31.553787,-90.110558
28079,32.733654,-89.510973
28081,34.278226,-88.703819
28083,33.513518,-90.203416
28085,31.54927,-90.457896
28087,33.520258,-88.389424
28089,32.509875,-90.104845
28091,31.245825,-89.830527
28093,34.816554,-89.544076
28095,33.926461,-88.499061
28097,33.496327,-89.682458
28099,32.755039,-89.120008
28101,32.415269,-89.129364
28103,33.13285,-88.549668
28105,33.448413,-88.825442
28107,34.345346,-89.934868
28109,30.640759,-89.631685
28111,31.262146,-88.992608
28113,31.219047,-90.435044
28115,34.253564,-89.015136
28117,34.632609,-88.552077
28119,34.267733,-90.26323
28121,32.281333,-90.030487
28123,32.40164,-89.529579
28125,32.921684,-90.862626
28127,31.915898,-89.855744
28129,31.970107,-89.504515
28131,30.806397,-89.135849
28133,33.593307,-90.584134
28135,33.984159,-90.182077
28137,34.644191,-89.948269
28139,34.765765,-88.924324
28141,34.730586,-88.228294
28143,34.720692,-90.341396
28145,34.483103,-89.010519
28147,31.150842,-90.122962
28149,32.324815,-90.843777
28151,33.369011,-91.01078
28153,31.650518,-88.662531
28155,33.582804,-89.220716
28157,31.123212,-91.245215
28159,33.084971,-89.042025
28161,34.081548,-89.694995
28163,32.829241,-90.38218
29001,40.195278,-92.581512
29003,39.919858,-94.8166
29005,40.420914,-95.436109
29007,39.203899,-91.826614
29009,36.737459,-93.865725
29011,37.495949,-94.305362
29013,38.280773,-94.362779
29015,38.301006,-93.310017
29017,37.340708,-89.999696
29019,38.956712,-92.321624
29021,39.750709,-94.819825
29023,36.756985,-90.417972
29025,39.663863,-93.998899
29027,38.797548,-91.997518
29029,38.073064,-92.746042
29031,37.355235,-89.607695
29033,39.408302,-93.496539
29035,36.947475,-90.885719
29037,38.751052,-94.424307
29039,37.765491,-93.895266
29041,39.486142,-92.931479
29043,37.027878,-93.264355
29045,40.412112,-91.708614
29047,39.252956,-94.497328
29049,39.602433,-94.367454
29051,38.55255,-92.220619
29053,38.91006,-92.772757
29055,38.061879,-91.321648
29057,37.415382,-93.824927
29059,37.643751,-93.066641
29061,39.938229,-93.980672
29063,39.825582,-94.354573
29065,37.631372,-91.545105
29067,36.940662,-92.603414
29069,36.324914,-90.058119
29071,38.436356,-90.998977
29073,38.446364,-91.490137
29075,40.203737,-94.432825
29077,37.192242,-93.309507
29079,40.093264,-93.59577
29081,40.315594,-94.001268
29083,38.394287,-93.73769
29085,37.91105,-93.329051
29087,40.084331,-95.185877
29089,39.140559,-92.70446
29091,36.792561,-91.873718
29093,37.578019,-90.713802
29095,39.00998,-94.444287
29097,37.129578,-94.444125
29099,38.340859,-90.475056
29101,38.758577,-93.770288
29103,40.155205,-92.154081
29105,37.669688,-92.653795
29107,39.055172,-93.842193
29109,37.034976,-93.799734
29111,40.08916,-91.641748
29113,38.996776,-90.929751
29115,39.797177,-93.066695
29117,39.79808,-93.553067
29119,36.615343,-94.399016
29121,39.796483,-92.50812
29123,37.539522,-90.299752
29125,38.170013,-91.878849
29127,39.741435,-91.457393
29129,40.415018,-93.579508
29131,38.246362,-92.50897
29133,36.856032,-89.368458
29135,38.627456,-92.611037
29137,39.524752,-91.966322
29139,38.948967,-91.467436
29141,38.383773,-92.85098
29143,36.612845,-89.651942
29145,36.921726,-94.414367
29147,40.352259,-94.868321
29149,36.614979,-91.47387
29151,38.455126,-91.884527
29153,36.623314,-92.421851
29155,36.179974,-89.744692
29157,37.713861,-89.85786
29159,38.701441,-93.247496
29161,37.943357,-91.747022
29163,39.362999,-91.160041
29165,39.260346,-94.683735
29167,37.602027,-93.404435
29169,37.822042,-92.175732
29171,40.483035,-92.984514
29173,39.579823,-91.469172
29175,39.413737,-92.451801
29177,39.336637,-94.062098
29179,37.329,-90.970144
29181,36.626945,-90.790679
29183,38.778572,-90.671284
29185,38.057169,-93.763876
29186,37.94083,-90.165655
29187,37.834497,-90.488054
29189,38.644521,-90.389519
29195,39.111399,-93.202654
29197,40.461863,-92.520354
29199,40.44806,-92.151796
29201,37.015235,-89.577539
29203,37.068998,-91.432915
29205,39.761716,-92.07725
29207,36.847864,-89.970872
29209,36.723445,-93.437769
29211,40.21493,-93.101593
29213,36.657085,-93.195143
29215,37.330114,-91.966146
29217,37.836794,-94.33739
29219,38.790363,-91.098557
29221,37.953782,-90.785794
29223,37.109113,-90.523545
29225,37.26294,-92.906843
29227,40.481643,-94.437082
29229,37.193283,-92.433272
29510,38.620558,-90.253332
30001,45.225028,-112.693549
30003,45.568552,-107.499673
30005,48.432419,-108.871588
30007,46.281619,-111.543362
30009,45.322269,-109.084845
30011,45.687353,-104.525341
30013,47.491558,-111.306586
30015,47.962552,-110.386252
30017,46.401678,-105.814642
30019,48.783637,-105.431739
30021,47.137216,-104.748806
30023,46.135851,-112.955566
30025,46.360506,-104.316077
30027,47.092022,-109.4146
30029,48.24738,-114.28093
30031,45.682956,-111.128767
30033,47.309975,-106.946674
30035,48.601084,-112.803122
30037,46.297881,-109.120778
30039,46.445392,-113.319927
30041,48.511678,-109.767061
30043,46.268426,-112.045462
30045,47.094038,-110.171269
30047,47.608393,-114.123168
30049,46.646621,-112.019644
30051,48.538044,-110.985198
30053,48.553306,-115.42649
30055,47.569721,-105.638886
30057,45.419014,-111.922649
30059,46.529828,-110.881517
30061,47.182752,-114.894335
30063,46.875546,-114.021512
30065,46.420108,-108.483111
30067,45.604896,-110.596931
30069,47.012154,-108.317862
30071,48.367246,-107.86655
30073,48.211424,-112.157767
30075,45.438494,-105.544609
30077,46.450646,-112.757979
30079,46.809714,-105.276222
30081,46.358548,-114.111357
30083,47.72072,-104.204227
30085,48.134392,-105.212553
30087,45.902894,-106.612238
30089,47.635009,-115.175789
30091,48.734101,-104.49367
30093,45.98746,-112.525517
30095,45.615383,-109.238178
30097,45.829391,-109.91651
30099,47.762524,-112.039341
30101,48.578065,-111.850473
30103,46.247085,-107.247111
30105,48.236249,-106.541586
30107,46.454552,-109.845461
30109,46.969955,-104.191241
30111,45.789945,-108.546051
31001,40.585501,-98.41518
31003,42.147054,-98.057377
31005,41.569368,-101.678874
31007,41.558824,-103.721644
31009,41.906138,-100.013369
31011,41.677314,-98.014023
31013,42.136678,-102.905215
31015,42.893569,-98.74483
31017,42.543087,-99.849627
31019,40.737756,-99.072828
31021,41.845218,-96.347791
31023,41.247435,-97.141745
31025,40.949471,-96.063719
31027,42.576739,-97.250958
31029,40.501955,-101.625629
31031,42.788407,-100.749694
31033,41.164852,-102.982567
31035,40.547589,-98.027882
31037,41.515594,-97.076357
31039,41.896856,-96.758441
31041,41.400577,-99.673936
31043,42.446864,-96.438647
31045,42.786274,-103.066332
31047,40.827351,-99.856676
31049,41.090929,-102.33652
31051,42.436803,-96.826061
31053,41.471288,-96.528637
31055,41.26173,-96.069741
31057,40.089487,-101.59927
31059,40.541248,-97.580053
31061,40.185987,-98.95454
31063,40.609996,-100.398828
31065,40.250813,-99.934116
31067,40.280866,-96.713556
31069,41.429505,-102.323863
31071,41.803658,-99.104124
31073,40.59443,-99.826842
31075,41.969597,-101.734576
31077,41.555312,-98.49942
31079,40.91634,-98.377793
31081,40.879505,-98.023002
31083,40.145347,-99.406335
31085,40.500842,-101.049757
31087,40.21095,-101.004675
31089,42.460461,-98.743792
31091,42.010663,-101.050551
31093,41.18917,-98.489627
31095,40.164225,-97.141688
31097,40.401098,-96.227732
31099,40.507252,-98.99218
31101,41.141819,-101.6998
31103,42.868932,-99.717406
31105,41.231296,-103.66158
31107,42.62421,-97.782589
31109,40.799269,-96.671536
31111,41.119294,-100.789525
31113,41.499176,-100.507661
31115,41.832646,-99.416371
31117,41.560427,-101.004858
31119,42.00636,-97.461443
31121,41.130786,-98.037243
31123,41.708586,-103.162925
31125,41.404591,-97.896242
31127,40.401975,-95.839188
31129,40.114628,-98.0618
31131,40.670824,-96.03688
31133,40.133204,-96.177346
31135,40.844891,-101.675458
31137,40.466361,-99.40454
31139,42.259529,-97.591612
31141,41.46697,-97.385528
31143,41.173605,-97.55672
31145,40.206742,-100.592097
31147,40.099879,-95.669705
31149,42.536738,-99.499863
31151,40.579217,-97.016896
31153,41.152889,-96.0437
31155,41.195383,-96.560061
31157,41.865094,-103.680393
31159,40.875087,-97.102308
31161,42.704794,-102.404074
31163,41.228647,-98.968633
31165,42.408762,-103.833171
31167,41.985101,-97.255038
31169,40.178256,-97.628078
31171,41.967138,-100.565595
31173,42.161934,-96.522459
31175,41.573672,-98.948914
31177,41.504682,-96.156611
31179,42.223628,-97.056303
31181,40.195862,-98.486606
31183,41.885209,-98.545473
31185,40.863485,-97.605023
32001,39.474469,-118.796052
32003,36.141141,-115.152976
32005,38.957468,-119.756218
32007,40.856303,-115.534273
32009,37.704407,-117.670635
32011,39.946993,-116.209128
32013,41.017558,-117.744296
32015,40.49846,-116.949528
32017,37.710093,-114.626444
32019,39.355756,-119.327152
32021,38.601613,-118.643399
32023,36.414296,-116.125667
32027,40.334654,-118.294224
32029,39.389828,-119.622432
32031,39.534488,-119.793527
32033,39.278317,-114.875458
32510,39.166096,-119.75408
33001,43.518179,-71.439516
33003,43.810093,-71.170079
33005,42.897949,-72.260597
33007,44.544534,-71.3636
33009,43.83744,-71.957176
33011,42.879412,-71.531546
33013,43.244048,-71.586768
33015,42.937487,-71.105861
33017,43.246137,-70.954351
33019,43.370229,-72.256473
34001,39.428157,-74.584723
34003,40.916918,-74.056816
34005,39.983738,-74.836627
34007,39.863128,-75.026364
34009,39.096879,-74.806953
34011,39.431713,-75.0896
34013,40.767919,-74.216055
34015,39.748752,-75.130305
34017,40.741644,-74.061448
34019,40.572604,-74.895969
34021,40.255387,-74.69945
34023,40.484409,-74.388583
34025,40.29118,-74.14859
34027,40.859148,-74.50031
34029,39.978586,-74.215904
34031,40.923998,-74.189868
34033,39.627242,-75.378171
34035,40.559937,-74.578391
34037,41.090477,-74.655456
34039,40.659355,-74.293688
34041,40.794655,-75.014893
35001,35.109462,-106.617779
35003,33.958709,-108.531494
35005,33.365668,-104.514733
35006,35.107009,-107.818849
35007,36.698075,-104.656615
35009,34.421082,-103.213229
35011,34.460693,-104.247994
35013,32.24837,-106.728836
35015,32.538156,-104.288595
35017,32.781053,-108.24321
35019,34.932588,-104.764455
35021,35.853043,-103.978557
35023,32.286524,-108.771223
35025,32.75172,-103.190527
35027,33.419573,-105.631108
35028,35.869176,-106.272314
35029,32.223031,-107.741875
35031,35.513228,-108.634281
35033,36.00418,-105.23707
35035,32.778517,-106.000317
35037,35.178327,-103.662364
35039,36.203984,-106.205155
35041,34.168551,-103.347539
35043,35.319674,-106.649224
35045,36.723982,-108.220154
35047,35.576344,-105.307874
35049,35.632632,-106.004765
35051,33.106952,-107.281723
35053,34.154884,-106.960356
35055,36.435099,-105.60791
35057,34.870562,-106.1027
35059,36.468186,-103.265891
35061,34.755709,-106.722815
36001,42.680589,-73.811637
36003,42.228676,-78.020786
36005,40.849395,-73.882271
36007,42.120758,-75.936264
36009,42.223696,-78.608393
36011,42.938915,-76.560652
36013,42.245031,-79.314802
36015,42.120553,-76.813813
36017,42.480979,-75.568857
36019,44.72994,-73.542837
36021,42.274439,-73.680411
36023,42.595471,-76.146202
36025,42.248721,-74.996335
36027,41.678068,-73.84154
36029,42.891147,-78.792727
36031,44.168428,-73.676357
36033,44.717734,-74.351416
36035,43.058597,-74.329857
36037,42.998899,-78.171041
36039,42.298257,-73.978824
36041,43.612735,-74.385492
36043,43.071299,-74.994925
36045,44.019862,-75.89504
36047,40.651666,-73.954985
36049,43.788692,-75.449227
36051,42.769037,-77.762787
36053,42.98686,-75.719961
36055,43.160725,-77.618985
36057,42.93271,-74.344144
36059,40.716432,-73.603664
36061,40.776422,-73.967437
36063,43.134406,-78.851139
36065,43.146277,-75.355941
36067,43.067977,-76.167376
36069,42.902312,-77.266946
36071,41.41957,-74.239375
36073,43.249285,-78.224364
36075,43.392222,-76.31179
36077,42.564145,-75.060236
36079,41.410932,-73.718558
36081,40.721204,-73.834008
36083,42.699563,-73.631993
36085,40.589259,-74.136701
36087,41.127445,-74.02214
36089,44.652827,-75.147873
36091,43.007918,-73.784353
36093,42.809147,-73.945253
36095,42.64398,-74.435708
36097,42.389251,-76.869139
36099,42.82851,-76.827711
36101,42.264824,-77.31968
36103,40.823365,-73.103278
36105,41.698542,-74.698587
36107,42.121424,-76.298893
36109,42.459082,-76.478989
36111,41.841749,-74.098362
36113,43.392942,-73.711242
36115,43.289043,-73.460751
36117,43.143635,-77.130245
36119,41.038581,-73.80547
36121,42.722711,-78.209554
36123,42.634707,-77.078135
37001,36.071544,-79.413154
37003,35.889332,-81.193451
37005,36.497597,-81.10603
37007,34.974145,-80.110797
37009,36.41363,-81.487979
37011,36.07601,-81.939525
37013,35.521622,-76.961773
37015,36.081687,-76.962721
37017,34.60917,-78.643311
37019,34.041766,-78.216619
37021,35.585308,-82.551811
37023,35.73127,-81.641243
37025,35.395655,-80.621106
37027,35.873003,-81.502542
37029,36.369324,-76.197747
37031,34.744126,-76.818665
37033,36.399939,-79.361345
37035,35.695474,-81.245331
37037,35.756012,-79.208387
37039,35.101433,-84.022596
37041,36.117035,-76.626616
37043,35.036306,-83.805739
37045,35.291366,-81.515786
37047,34.280555,-78.706901
37049,35.069158,-77.04141
37051,35.054571,-78.937283
37053,36.403222,-76.016801
37055,35.920369,-75.676005
37057,35.857903,-80.200515
37059,35.931411,-80.52037
37061,34.92845,-77.940295
37063,35.986154,-78.901717
37065,35.902358,-77.656133
37067,36.104617,-80.258522
37069,36.044193,-78.354026
37071,35.273689,-81.150823
37073,36.464578,-76.706981
37075,35.332126,-83.787137
37077,36.216579,-78.649713
37079,35.466704,-77.665166
37081,36.066734,-79.847354
37083,36.36143,-77.67408
37085,35.354081,-78.867419
37087,35.518934,-82.943122
37089,35.341636,-82.471646
37091,36.352235,-77.011325
37093,34.992582,-79.170107
37095,35.430458,-76.205134
37097,35.694772,-80.866837
37099,35.332904,-83.199035
37101,35.570579,-78.419098
37103,35.030718,-77.354076
37105,35.453843,-79.173582
37107,35.260621,-77.633969
37109,35.485544,-81.162521
37111,35.667381,-82.019915
37113,35.156852,-83.377321
37115,35.839031,-82.636142
37117,35.830325,-77.097262
37119,35.225341,-80.819873
37121,35.960065,-82.113979
37123,35.340612,-79.892912
37125,35.23777,-79.439212
37127,35.945971,-77.925858
37129,34.210212,-77.878389
37131,36.44074,-77.450044
37133,34.734255,-77.405266
37135,35.980115,-79.082329
37137,35.102112,-76.782234
37139,36.294076,-76.247331
37141,34.453784,-77.806662
37143,36.180608,-76.422879
37145,36.37201,-78.97044
37147,35.576487,-77.383372
37149,35.258428,-82.17688
37151,35.766153,-79.829145
37153,34.942668,-79.735374
37155,34.677173,-79.091794
37157,36.40032,-79.773426
37159,35.620923,-80.522841
37161,35.350767,-81.897864
37163,35.036714,-78.397561
37165,34.785743,-79.473966
37167,35.320568,-80.251909
37169,36.349476,-80.275236
37171,36.431129,-80.657197
37173,35.437811,-83.411997
37175,35.210116,-82.743077
37177,35.895302,-76.242529
37179,35.01249,-80.631967
37181,36.332774,-78.402975
37183,35.795346,-78.679962
37185,36.4113,-78.134476
37187,35.863224,-76.651708
37189,36.218213,-81.686035
37191,35.372889,-77.986675
37193,36.191877,-81.133714
37195,35.727699,-77.93379
37197,36.164018,-80.673979
37199,35.910934,-82.294631
38001,46.035876,-102.621818
38003,46.926891,-98.030382
38005,48.022233,-99.148961
38007,47.00341,-103.306329
38009,48.818996,-100.635057
38011,46.17101,-103.389737
38013,48.760535,-102.539257
38015,46.823125,-100.761269
38017,46.853248,-96.866085
38019,48.756287,-98.408736
38021,46.090319,-98.316828
38023,48.873168,-103.340573
38025,47.337232,-102.638185
38027,47.705809,-99.056923
38029,46.26697,-100.221494
38031,47.460553,-99.032312
38033,46.891037,-103.959283
38035,47.904107,-97.114067
38037,46.39358,-101.709905
38039,47.45152,-98.184378
38041,46.452752,-102.563748
38043,46.913782,-99.803211
38045,46.405038,-98.531088
38047,46.497157,-99.553732
38049,48.179669,-100.700743
38051,46.146072,-99.492968
38053,47.815379,-103.249949
38055,47.524037,-101.227016
38057,47.300979,-101.712049
38059,46.82084,-100.987436
38061,48.134813,-102.385064
38063,47.914125,-98.211495
38065,47.120347,-101.30705
38067,48.786353,-97.583136
38069,48.327982,-99.985438
38071,48.129972,-98.834617
38073,46.473332,-97.654107
38075,48.71223,-101.513019
38077,46.265439,-96.76508
38079,48.837585,-99.815657
38081,46.166223,-97.587859
38083,47.581765,-100.333635
38085,46.166774,-100.727458
38087,46.418394,-103.416249
38089,46.883324,-102.784958
38091,47.459852,-97.75048
38093,46.917429,-98.73948
38095,48.575593,-99.232995
38097,47.489414,-97.221419
38099,48.392384,-97.55615
38101,48.251003,-101.324255
38103,47.673531,-99.776162
38105,48.198161,-103.581969
39001,38.851155,-83.519185
39003,40.757218,-84.123687
39005,40.854406,-82.284305
39007,41.792138,-80.769023
39009,39.342729,-82.09958
39011,40.543994,-84.27252
39013,40.042452,-80.892944
39015,38.952078,-83.892764
39017,39.41063,-84.498421
39019,40.608768,-81.114233
39021,40.121157,-83.756495
39023,39.927551,-83.83172
39025,39.104936,-84.213831
39027,39.411451,-83.84298
39029,40.780285,-80.730613
39031,40.291486,-81.863132
39033,40.796314,-82.873456
39035,41.448408,-81.677451
39037,40.116114,-84.606299
39039,41.29476,-84.448702
39041,40.213434,-83.012316
39043,41.40534,-82.62729
39045,39.799356,-82.672891
39047,39.548507,-83.443856
39049,40.001224,-82.992171
39051,41.57813,-84.095238
39053,38.83179,-82.275222
39055,41.487507,-81.223418
39057,39.725798,-83.997172
39059,40.017747,-81.541964
39061,39.181054,-84.509096
39063,41.038819,-83.642078
39065,40.687272,-83.673001
39067,40.308308,-81.052878
39069,41.360177,-84.078123
39071,39.21912,-83.582063
39073,39.524899,-82.449693
39075,40.568212,-81.869548
39077,41.176384,-82.613754
39079,39.035842,-82.610925
39081,40.365484,-80.692361
39083,40.400283,-82.454323
39085,41.685007,-81.319872
39087,38.50139,-82.538753
39089,40.051058,-82.52159
39091,40.382633,-83.776776
39093,41.391668,-82.110224
39095,41.651951,-83.620346
39097,39.923532,-83.378429
39099,41.048246,-80.697024
39101,40.582108,-83.127065
39103,41.14417,-81.837739
39105,39.061474,-82.011139
39107,40.515597,-84.606448
39109,40.039896,-84.229494
39111,39.743928,-81.066658
39113,39.744183,-84.206384
39115,39.615975,-81.865949
39117,40.51851,-82.793839
39119,39.963489,-81.996844
39121,39.77294,-81.487122
39123,41.532537,-83.080376
39125,41.132652,-84.588497
39127,39.758487,-82.237977
39129,39.671077,-82.992679
39131,39.084195,-83.036586
39133,41.18075,-81.276935
39135,39.743238,-84.625367
39137,41.008256,-84.115516
39139,40.761551,-82.54039
39141,39.341679,-83.023023
39143,41.340365,-83.100451
39145,38.780894,-82.944686
39147,41.127755,-83.202108
39149,40.319534,-84.194302
39151,40.837592,-81.38898
39153,41.11615,-81.511871
39155,41.240483,-80.759943
39157,40.481355,-81.467009
39159,40.241874,-83.334873
39161,40.856227,-84.565846
39163,39.241186,-82.504249
39165,39.423255,-84.24395
39167,39.409803,-81.517688
39169,40.836466,-81.864476
39171,41.532546,-84.57175
39173,41.453257,-83.602769
39175,40.865997,-83.299297
40001,35.887468,-94.635683
40003,36.658546,-98.317631
40005,34.329959,-96.097526
40007,36.829383,-100.638158
40009,35.361158,-99.511022
40011,35.885203,-98.428177
40013,33.980731,-96.386125
40015,35.175959,-98.339383
40017,35.493359,-97.766177
40019,34.189514,-97.19745
40021,35.902314,-94.995607
40023,34.019064,-95.528308
40025,36.734437,-102.496037
40027,35.269308,-97.450434
40029,34.548037,-96.278199
40031,34.633044,-98.419449
40033,34.31257,-98.331491
40035,36.679216,-95.154588
40037,35.9754,-96.226043
40039,35.547694,-98.828737
40041,36.468532,-94.793251
40043,36.057055,-99.074156
40045,36.262513,-99.786963
40047,36.398481,-97.885455
40049,34.737491,-97.28949
40051,35.112409,-97.850428
40053,36.761056,-97.779663
40055,34.912036,-99.464241
40057,34.694548,-99.897391
40059,36.768589,-99.761804
40061,35.239002,-95.124795
40063,35.079245,-96.326231
40065,34.657239,-99.331416
40067,34.132097,-97.871654
40069,34.262325,-96.650068
40071,36.744254,-97.125201
40073,35.913869,-97.91096
40075,34.936853,-99.017988
40077,34.88202,-95.255214
40079,35.065249,-94.639064
40081,35.656322,-96.882274
40083,35.822271,-97.442909
40085,33.922696,-97.170128
40087,35.106328,-97.527577
40089,33.999674,-94.814678
40091,35.385902,-95.581367
40093,36.298864,-98.432369
40095,34.01809,-96.749333
40097,36.292233,-95.243222
40099,34.507083,-97.027691
40101,35.71185,-95.366561
40103,36.324096,-97.233088
40105,36.774995,-95.635237
40107,35.451094,-96.337952
40109,35.52553,-97.512375
40111,35.617922,-95.969216
40113,36.415208,-96.228583
40115,36.857439,-94.834841
40117,36.270375,-96.539216
40119,36.0913,-97.007049
40121,34.956346,-95.721263
40123,34.774213,-96.67319
40125,35.321377,-96.952883
40127,34.327826,-95.482036
40129,35.628485,-99.659405
40131,36.31533,-95.650597
40133,35.186227,-96.631163
40135,35.466206,-94.729702
40137,34.518536,-97.946619
40139,36.712185,-101.448408
40141,34.382478,-98.971119
40143,36.1027,-95.91151
40145,36.015963,-95.627565
40147,36.728457,-95.937432
40149,35.314336,-99.05353
40151,36.767497,-98.708062
40153,36.423748,-99.383574
41001,44.780021,-117.762087
41003,44.573123,-123.275062
41005,45.363411,-122.575016
41007,46.098894,-123.841041
41009,45.889969,-122.929381
41011,43.305461,-124.232445
41013,44.283564,-120.843605
41015,42.251867,-124.327962
41017,44.090954,-121.306213
41019,43.239963,-123.388771
41021,45.449592,-120.197022
41023,44.451525,-119.003559
41025,43.521602,-118.986891
41027,45.658959,-121.565661
41029,42.347769,-122.858631
41031,44.591478,-121.190361
41033,42.404433,-123.38517
41035,42.285893,-121.726802
41037,42.478434,-120.476422
41039,44.039563,-123.119235
41041,44.713731,-124.002001
41043,44.556336,-122.959471
41045,43.975358,-117.06114
41047,44.960149,-122.955907
41049,45.739056,-119.617276
41051,45.517904,-122.591156
41053,44.920857,-123.20811
41055,45.518367,-120.72146
41057,45.469525,-123.858484
41059,45.801243,-118.967455
41061,45.341591,-118.018208
41063,45.443336,-117.305634
41065,45.541482,-121.204066
41067,45.486067,-122.87092
41069,44.837096,-120.088844
41071,45.239528,-123.136974
42001,39.851137,-77.157037
42003,40.447811,-79.971635
42005,40.769635,-79.51099
42007,40.684267,-80.302021
42009,40.054295,-78.476925
42011,40.362681,-75.909878
42013,40.487156,-78.376585
42015,41.833895,-76.527899
42017,40.239408,-75.026366
42019,40.821598,-79.966512
42021,40.408084,-78.800185
42023,41.502354,-78.23879
42025,40.871955,-75.708895
42027,40.839811,-77.836167
42029,39.993381,-75.678116
42031,41.182373,-79.429465
42033,40.991528,-78.499291
42035,41.140123,-77.448809
42037,41.038653,-76.389553
42039,41.666386,-80.098406
42041,40.205907,-77.092609
42043,40.304616,-76.796486
42045,39.922639,-75.348866
42047,41.419129,-78.619743
42049,42.068563,-80.07268
42051,39.949204,-79.71596
42053,41.487078,-79.223165
42055,39.883461,-77.654852
42057,39.918305,-78.08615
42059,39.876907,-80.113513
42061,40.428603,-78.002926
42063,40.617473,-79.1305
42065,41.085869,-78.964273
42067,40.573028,-77.327685
42069,41.441461,-75.636396
42071,40.07391,-76.29248
42073,40.986789,-80.336455
42075,40.340342,-76.443132
42077,40.597849,-75.509406
42079,41.195284,-75.928422
42081,41.24927,-76.981292
42083,41.865244,-78.58325
42085,41.263855,-80.336703
42087,40.60427,-77.615882
42089,41.038639,-75.305852
42091,40.169483,-75.314499
42093,40.996765,-76.630209
42095,40.699145,-75.320858
42097,40.874558,-76.684501
42099,40.410783,-77.154446
42101,40.003523,-75.139476
42103,41.302389,-74.983463
42105,41.823262,-77.935838
42107,40.712667,-76.195872
42109,40.787382,-76.980927
42111,40.029001,-79.012353
42113,41.469615,-76.492908
42115,41.823092,-75.76923
42117,41.814804,-77.211057
42119,40.970242,-76.959238
42121,41.404235,-79.765355
42123,41.853111,-79.233295
42125,40.20836,-80.146146
42127,41.539728,-75.307606
42129,40.340199,-79.594629
42131,41.538722,-75.938649
42133,39.941929,-76.75372
44001,41.712608,-71.284716
44003,41.698511,-71.488956
44005,41.548629,-71.266556
44007,41.857227,-71.449675
44009,41.467323,-71.590046
45001,34.241575,-82.422103
45003,33.535704,-81.774519
45005,32.997052,-81.291327
45007,34.564685,-82.61662
45009,33.267569,-81.072226
45011,33.294536,-81.356749
45013,32.317957,-80.786927
45015,33.059268,-80.035006
45017,33.677921,-80.822118
45019,32.825793,-79.978136
45021,35.080959,-81.648305
45023,34.704401,-81.118573
45025,34.681114,-80.149834
45027,33.686186,-80.207955
45029,32.90881,-80.646921
45031,34.326094,-79.985464
45033,34.39479,-79.361598
45035,32.995941,-80.212663
45037,33.713128,-81.923002
45039,34.361268,-81.069334
45041,34.106046,-79.764677
45043,33.457552,-79.250947
45045,34.844659,-82.331257
45047,34.205171,-82.147907
45049,32.801597,-81.116415
45051,33.780221,-78.937681
45053,32.407305,-81.002142
45055,34.257249,-80.650865
45057,34.804751,-80.771843
45059,34.509505,-82.032019
45061,34.183585,-80.266874
45063,33.962205,-81.218934
45065,33.879301,-82.297749
45067,34.166085,-79.340476
45069,34.637958,-79.671661
45071,34.264651,-81.573551
45073,34.707527,-83.002043
45075,33.47176,-80.798783
45077,34.805302,-82.689713
45079,34.067968,-80.988835
45081,33.99882,-81.702809
45083,34.963891,-82.007751
45085,33.929496,-80.389604
45087,34.733128,-81.627678
45089,33.651948,-79.733224
45091,34.998556,-81.051363
46003,43.693726,-98.529708
46005,44.367306,-98.2277
46007,43.210572,-101.785879
46009,42.966147,-97.859901
46011,44.31091,-96.785884
46013,45.475353,-98.451669
46015,43.762674,-99.191362
46017,44.059088,-99.371007
46019,44.669688,-103.766262
46021,45.801272,-100.100553
46023,43.175337,-98.527816
46025,44.825614,-97.709207
46027,42.808955,-96.936772
46029,44.91407,-97.129856
46031,45.758065,-100.912373
46033,43.740721,-103.514861
46035,43.706382,-98.040431
46037,45.369062,-97.519215
46039,44.738673,-96.660949
46041,45.116562,-101.110107
46043,43.377636,-98.369735
46045,45.453421,-99.148719
46047,43.387361,-103.513072
46049,45.061037,-99.099318
46051,45.206943,-96.658721
46053,43.183504,-99.27955
46055,44.133291,-101.572693
46057,44.646162,-97.148245
46059,44.525472,-98.991594
46061,43.656069,-97.771709
46063,45.605864,-103.520304
46065,44.38283,-100.305301
46067,43.336978,-97.745451
46069,44.519687,-99.455271
46071,43.649678,-101.665063
46073,44.09101,-98.537954
46075,43.89534,-100.695148
46077,44.377105,-97.408777
46079,44.001466,-97.095038
46081,44.453405,-103.805876
46083,43.441142,-96.744487
46085,43.953669,-99.716961
46087,43.661486,-97.348311
46089,45.766155,-99.243067
46091,45.757886,-97.628902
46093,44.281372,-103.280064
46095,43.54937,-100.809211
46097,44.01131,-97.551535
46099,43.558266,-96.731507
46101,44.018445,-96.663373
46102,43.183372,-102.47964
46103,44.064853,-103.210935
46105,45.70961,-102.331006
46107,45.070399,-99.951949
46109,45.611156,-96.959096
46111,44.005619,-98.14513
46115,44.904738,-98.412881
46117,44.372239,-100.448102
46119,44.703108,-100.135851
46121,43.24927,-100.780183
46123,43.350237,-99.846955
46125,43.304408,-97.112768
46127,42.681007,-96.592222
46129,45.518483,-100.311806
46135,42.90126,-97.396931
46137,44.929817,-101.530161
47001,36.081238,-84.178765
47003,35.512233,-86.465018
47005,36.070898,-88.090044
47007,35.621511,-85.200314
47009,35.753197,-83.973461
47011,35.167425,-84.859688
47013,36.381486,-84.125957
47015,35.799353,-86.063976
47017,36.018877,-88.464218
47019,36.31899,-82.203404
47021,36.272282,-87.063519
47023,35.438266,-88.62251
47025,36.4887,-83.639849
47027,36.552828,-85.562901
47029,35.947274,-83.174047
47031,35.454229,-86.124582
47033,35.787543,-89.120017
47035,35.955637,-85.017779
47037,36.137771,-86.744752
47039,35.606176,-88.123327
47041,35.967047,-85.836916
47043,36.104233,-87.343938
47045,36.059417,-89.358361
47047,35.201116,-89.479763
47049,36.363232,-84.936669
47051,35.208173,-86.116159
47053,35.932264,-88.870969
47055,35.192203,-87.030448
47057,36.266188,-83.48663
47059,36.17748,-82.832594
47061,35.343196,-85.722272
47063,36.215549,-83.297502
47065,35.093764,-85.201806
47067,36.517225,-83.231102
47069,35.222929,-89.018519
47071,35.198544,-88.225953
47073,36.463,-82.874023
47075,35.586198,-89.267733
47077,35.647965,-88.402891
47079,36.319829,-88.291369
47081,35.85471,-87.405499
47083,36.304161,-87.704274
47085,36.071211,-87.77509
47087,36.327984,-85.629403
47089,36.064823,-83.453077
47091,36.450066,-81.844689
47093,35.971886,-83.991621
47095,36.356402,-89.467221
47097,35.765131,-89.537383
47099,35.237607,-87.353601
47101,35.533225,-87.521716
47103,35.105199,-86.57174
47105,35.760641,-84.284282
47107,35.426045,-84.598722
47109,35.176963,-88.537496
47111,36.535265,-86.025628
47113,35.653504,-88.824487
47115,35.10952,-85.608797
47117,35.496732,-86.770825
47119,35.635591,-87.029196
47121,35.502098,-84.816211
47123,35.518372,-84.354235
47125,36.557126,-87.345978
47127,35.296438,-86.340442
47129,36.098366,-84.593205
47131,36.397163,-89.07991
47133,36.344912,-85.324939
47135,35.653842,-87.859297
47137,36.565622,-85.141318
47139,35.125195,-84.568406
47141,36.163157,-85.503795
47143,35.556758,-84.954393
47145,35.881148,-84.52216
47147,36.48456,-86.830273
47149,35.888267,-86.450266
47151,36.45447,-84.508258
47153,35.355415,-85.391417
47155,35.864247,-83.58249
47157,35.131029,-89.886356
47159,36.241313,-85.968175
47161,36.493716,-87.800108
47163,36.529913,-82.397127
47165,36.396228,-86.536038
47167,35.47587,-89.750299
47169,36.386235,-86.153351
47171,36.151274,-82.394706
47173,36.245311,-83.815954
47175,35.711516,-85.454611
47177,35.695188,-85.794787
47179,36.325615,-82.433815
47181,35.258132,-87.790328
47183,36.292493,-88.773817
47185,35.941573,-85.488902
47187,35.912269,-86.846241
47189,36.200347,-86.409498
48001,31.775312,-95.683934
48003,32.321401,-102.539607
48005,31.313526,-94.716132
48007,28.030687,-97.072506
48009,33.712813,-98.607348
48011,35.092208,-101.392108
48013,29.041628,-98.578427
48015,29.850973,-96.219899
48017,34.218733,-102.744103
48019,29.703518,-99.031596
48021,30.142585,-97.366668
48023,33.591163,-99.264553
48025,28.395559,-97.733787
48027,31.08149,-97.591674
48029,29.484685,-98.532945
48031,30.177148,-98.39208
48033,32.757641,-101.436493
48035,31.862115,-97.570902
48037,33.436613,-94.20082
48039,29.355331,-95.385044
48041,30.624157,-96.328757
48043,30.222448,-103.620129
48045,34.443465,-101.234309
48047,27.208714,-98.144842
48049,31.731619,-98.989268
48051,30.475618,-96.644593
48053,30.672177,-98.241706
48055,29.865312,-97.674628
48057,28.589157,-96.625881
48059,32.351779,-99.452875
48061,26.047418,-97.561196
48063,32.990171,-94.985027
48065,35.382121,-101.328264
48067,33.080612,-94.297274
48069,34.525081,-102.272214
48071,29.805419,-94.768972
48073,31.913488,-95.216202
48075,34.428092,-100.223958
48077,33.825391,-98.244798
48079,33.689389,-102.741038
48081,31.904116,-100.416634
48083,31.808131,-99.425034
48085,33.112899,-96.690642
48087,34.861822,-100.221748
48089,29.664806,-96.538931
48091,29.764473,-98.22166
48093,31.972232,-98.559029
48095,31.291192,-99.857069
48097,33.607384,-97.13379
48099,31.236375,-97.83252
48101,34.02779,-100.30428
48103,31.402296,-102.352663
48105,30.704747,-101.216615
48107,33.660414,-101.357576
48109,31.064217,-104.819502
48111,36.104995,-102.568672
48113,32.809819,-96.787649
48115,32.734655,-101.949301
48117,34.835619,-102.402802
48119,33.374802,-95.70459
48121,33.116408,-97.014655
48123,29.099569,-97.31152
48125,33.5467,-100.855931
48127,28.520685,-99.826991
48129,34.943929,-100.862317
48131,27.742533,-98.391035
48133,32.357306,-98.845399
48135,31.866684,-102.389586
48137,29.985934,-100.202797
48139,32.429032,-96.828008
48141,31.783025,-106.365548
48143,32.21206,-98.225168
48145,31.260935,-96.951052
48147,33.556926,-96.181312
48149,29.856137,-96.901177
48151,32.770889,-100.413975
48153,34.039808,-101.374427
48155,33.99161,-99.705226
48157,29.620209,-95.681282
48159,33.122067,-95.223923
48161,31.700054,-96.20929
48163,28.839468,-99.108503
48165,32.751995,-102.658045
48167,29.428137,-95.019324
48169,33.197542,-101.380565
48171,30.273641,-98.908076
48173,31.8426,-101.525278
48175,28.710579,-97.362276
48177,29.477178,-97.504312
48179,35.530415,-100.939889
48181,33.644861,-96.626605
48183,32.49989,-94.790846
48185,30.439295,-96.007289
48187,29.601993,-98.107377
48189,34.143518,-101.742413
48191,34.664744,-100.592641
48193,31.763001,-98.095686
48195,36.213672,-101.271246
48197,34.285182,-99.701429
48199,30.29938,-94.25717
48201,29.816889,-95.425716
48203,32.534326,-94.427274
48205,35.994603,-102.50231
48207,33.177505,-99.764733
48209,30.009405,-97.925385
48211,35.893039,-100.360755
48213,32.241331,-95.889359
48215,26.235916,-98.184508
48217,31.998194,-97.17713
48219,33.583536,-102.333262
48221,32.434349,-97.76226
48223,33.124495,-95.589265
48225,31.297879,-95.466359
48227,32.241408,-101.463071
48229,31.368286,-105.546009
48231,33.082058,-96.104497
48233,35.679194,-101.44712
48235,31.270407,-100.834684
48237,33.200241,-98.168766
48239,28.959201,-96.594369
48241,30.731569,-93.993279
48243,30.608875,-103.99692
48245,30.01146,-94.067627
48247,27.303139,-98.685247
48249,27.755632,-98.062817
48251,32.441328,-97.322751
48253,32.706551,-99.80506
48255,28.85811,-97.870329
48257,32.671244,-96.358092
48259,29.831401,-98.717572
48261,27.104123,-97.788911
48263,33.25047,-100.625144
48265,30.040273,-99.159357
48267,30.486259,-99.727741
48269,33.644368,-100.29575
48271,29.303419,-100.41821
48273,27.491433,-97.856967
48275,33.459835,-99.703999
48277,33.675491,-95.534041
48279,34.028312,-102.324682
48281,31.095229,-98.1132
48283,28.353424,-99.246365
48285,29.407088,-97.04381
48287,30.274826,-96.971427
48289,31.291285,-96.04831
48291,30.159245,-94.925523
48293,31.59043,-96.519096
48295,36.386639,-100.363063
48297,28.336604,-98.108137
48299,30.680229,-98.508665
48301,31.777896,-103.608978
48303,33.552551,-101.894337
48305,33.199122,-101.817174
48307,31.148033,-99.338842
48309,31.53998,-97.174773
48311,28.438706,-98.523036
48313,30.955832,-95.899678
48315,32.789481,-94.423174
48317,32.173602,-101.8275
48319,30.754424,-99.220235
48321,28.918149,-95.998903
48323,28.706412,-100.478172
48325,29.313933,-98.953359
48327,30.901087,-99.776701
48329,32.003156,-102.10655
48331,30.744263,-97.008624
48333,31.483977,-98.578378
48335,32.392285,-100.864009
48337,33.632783,-97.760712
48339,30.228848,-95.462136
48341,35.902872,-101.956502
48343,33.073156,-94.72288
48345,34.013578,-100.842931
48347,31.625667,-94.644584
48349,32.081317,-96.485996
48351,30.685761,-93.754831
48353,32.451081,-100.411741
48355,27.728576,-97.428318
48357,36.381051,-100.810093
48359,35.291939,-102.40757
48361,30.120218,-93.865826
48363,32.779308,-98.163963
48365,32.163354,-94.335132
48367,32.789424,-97.727364
48369,34.540661,-102.815696
48371,30.89706,-102.79926
48373,30.736484,-94.936813
48375,35.221526,-101.839818
48377,29.838522,-104.249357
48379,32.885663,-95.795059
48381,35.119788,-101.891409
48383,31.214335,-101.466333
48385,29.723692,-99.823692
48387,33.591924,-95.078313
48389,31.387128,-103.526322
48391,28.290523,-97.247591
48393,35.716278,-100.695549
48395,30.966033,-96.543247
48397,32.916866,-96.427986
48399,31.79918,-99.99361
48401,32.194387,-94.798485
48403,31.339019,-93.84941
48405,31.441095,-94.152849
48407,30.549124,-95.13469
48409,27.942669,-97.39104
48411,31.188156,-98.760354
48413,30.869698,-100.592817
48415,32.704112,-100.909103
48417,32.690986,-99.306244
48419,31.823503,-94.181492
48421,36.33275,-102.008261
48423,32.326145,-95.300981
48425,32.234974,-97.752235
48427,26.387766,-98.843415
48429,32.75621,-98.902179
48431,31.83476,-100.993285
48433,33.144536,-100.232471
48435,30.563302,-100.627673
48437,34.532201,-101.771575
48439,32.764453,-97.247663
48441,32.417775,-99.767126
48443,30.160108,-102.352197
48445,33.182705,-102.271846
48447,33.141356,-99.139569
48449,33.175862,-94.966537
48451,31.451021,-100.461171
48453,30.314282,-97.748216
48455,30.998905,-95.244685
48457,30.738682,-94.367741
48459,32.697929,-94.92227
48461,31.180959,-102.124982
48463,29.243318,-99.757846
48465,29.380944,-100.898072
48467,32.577505,-95.837646
48469,28.825017,-96.991571
48471,30.725832,-95.538696
48473,29.996824,-95.953615
48475,31.56929,-102.912603
48477,30.181502,-96.397834
48479,27.522979,-99.475549
48481,29.276712,-96.175435
48483,35.352532,-100.263458
48485,33.920901,-98.552501
48487,34.144872,-99.296953
48489,26.452376,-97.777449
48491,30.560987,-97.716991
48493,29.231356,-98.142982
48495,31.842332,-103.0992
48497,33.161791,-97.629879
48499,32.776047,-95.400092
48501,33.022609,-102.833127
48503,33.164283,-98.624184
48505,26.903441,-99.266007
48507,28.74941,-99.810168
49001,38.29808,-112.762542
49003,41.592632,-112.09841
49005,41.745425,-111.839724
49007,39.602446,-110.777569
49009,40.967095,-109.647096
49011,41.019939,-111.960883
49013,40.289458,-110.162356
49015,39.217578,-110.929942
49017,37.765439,-112.100464
49019,38.569056,-109.528693
49021,37.708874,-113.076161
49023,39.748396,-111.878638
49025,37.112169,-112.452998
49027,39.209257,-112.485634
49029,41.083677,-111.724978
49031,38.277169,-112.21441
49033,41.776494,-111.285765
49035,40.638514,-111.927686
49037,37.52052,-109.545503
49039,39.384535,-111.605199
49041,38.771786,-112.044688
49043,40.726848,-111.470958
49045,40.568237,-112.363002
49047,40.426449,-109.59027
49049,40.278299,-111.74994
49051,40.511436,-111.412185
49053,37.13018,-113.524041
49055,38.361712,-111.473883
49057,41.227609,-111.992699
50001,44.060543,-73.165381
50003,42.980347,-73.148622
50005,44.466488,-72.076449
50007,44.480291,-73.149824
50009,44.663681,-71.741708
50011,44.836315,-72.997625
50013,44.796249,-73.298725
50015,44.583725,-72.655635
50017,43.996141,-72.392814
50019,44.862555,-72.225524
50021,43.602602,-73.041302
50023,44.243309,-72.587175
50025,42.952898,-72.627862
50027,43.547294,-72.490571
51001,37.789059,-75.629449
51003,38.052435,-78.519241
51005,37.802458,-79.929858
51007,37.34151,-77.973985
51009,37.518911,-79.1035
51011,37.36019,-78.83702
51013,38.874744,-77.099874
51015,38.127146,-79.03105
51017,38.018911,-79.758923
51019,37.320204,-79.485385
51021,37.150078,-81.087264
51023,37.446422,-79.853138
51025,36.758266,-77.863297
51027,37.264124,-82.059132
51029,37.580161,-78.485095
51031,37.261518,-79.169047
51033,38.0087,-77.438652
51035,36.713036,-80.762136
51036,37.383394,-77.101446
51037,37.02206,-78.630278
51041,37.418312,-77.556155
51043,39.129417,-77.987382
51045,37.47542,-80.173756
51047,38.498243,-77.999051
51049,37.481359,-78.258673
51051,37.143369,-82.378751
51053,37.135652,-77.56051
51057,37.908781,-76.901329
51059,38.844726,-77.25911
51061,38.695515,-77.774094
51063,36.943205,-80.342366
51065,37.888642,-78.301835
51067,37.02094,-79.857581
51069,39.166263,-78.188362
51071,37.318524,-80.717789
51073,37.37631,-76.529483
51075,37.70005,-77.83757
51077,36.645604,-81.114627
51079,38.250643,-78.419667
51081,36.723794,-77.536797
51083,36.748512,-78.926925
51085,37.686944,-77.418063
51087,37.604639,-77.498572
51089,36.6901,-79.902329
51091,38.386566,-79.570507
51093,36.92455,-76.644703
51095,37.297936,-76.75988
51097,37.69798,-76.891199
51099,38.290179,-77.163647
51101,37.705655,-77.062634
51103,37.703954,-76.435886
51105,36.714437,-83.102612
51107,39.034341,-77.51754
51109,37.982264,-77.971413
51111,36.970037,-78.216617
51113,38.376095,-78.234462
51115,37.445239,-76.342339
51117,36.690417,-78.318472
51119,37.601288,-76.503852
51121,37.189478,-80.413551
51125,37.812328,-78.87302
51127,37.497961,-77.041127
51131,37.388365,-75.919193
51133,37.888285,-76.408327
51135,37.1463,-78.078841
51137,38.271901,-77.954737
51139,38.60454,-78.500572
51141,36.654401,-80.284499
51143,36.76981,-79.411183
51145,37.54288,-77.875784
51147,37.257792,-78.422205
51149,37.219071,-77.300134
51153,38.691881,-77.411563
51155,37.082088,-80.703764
51157,38.695715,-78.123809
51159,37.947361,-76.716497
51161,37.270592,-79.990218
51163,37.787711,-79.427154
51165,38.452246,-78.83815
51167,36.935321,-82.086825
51169,36.683147,-82.596616
51171,38.870724,-78.526715
51173,36.828217,-81.574516
51175,36.717292,-77.067406
51177,38.238583,-77.569152
51179,38.415146,-77.45027
51181,37.116405,-76.868309
51183,36.973226,-77.212078
51185,37.146681,-81.564501
51187,38.927717,-78.178302
51191,36.702853,-81.972673
51193,38.160791,-76.854228
51195,36.951164,-82.612989
51197,36.919638,-81.06853
51199,37.174598,-76.495318
51510,38.819775,-77.091035
51520,36.610521,-82.169169
51530,37.733971,-79.352679
51540,38.033197,-78.490351
51550,36.755679,-76.282736
51570,37.264114,-77.401819
51580,37.781159,-79.989386
51590,36.591483,-79.409217
51595,36.692193,-77.541334
51600,38.851844,-77.302407
51610,38.883587,-77.174338
51620,36.679019,-76.937037
51630,38.299101,-77.483494
51640,36.666194,-80.918852
51650,37.043069,-76.367924
51660,38.4408,-78.868276
51670,37.289394,-77.305511
51678,37.784392,-79.443722
51680,37.39283,-79.190579
51683,38.75274,-77.475101
51685,38.772165,-77.448688
51690,36.682806,-79.863773
51700,37.090511,-76.496261
51710,36.896214,-76.260623
51720,36.937981,-82.623258
51730,37.209954,-77.395423
51735,37.131572,-76.381528
51740,36.833211,-76.35284
51750,37.128256,-80.559565
51760,37.535453,-77.466456
51770,37.27853,-79.96024
51775,37.286907,-80.056262
51790,38.157632,-79.07724
51800,36.781867,-76.551079
51810,36.821388,-76.100566
51820,38.072102,-78.898326
51830,37.275238,-76.710426
51840,39.174971,-78.170677
53001,46.864934,-119.031492
53003,46.388404,-117.06785
53005,46.229857,-119.276673
53007,47.530181,-120.344656
53009,48.094969,-123.436581
53011,45.680599,-122.56244
53013,46.323102,-117.976206
53015,46.135463,-122.894833
53017,47.504279,-120.178914
53019,48.617553,-118.520753
53021,46.303471,-119.125303
53023,46.472066,-117.577877
53025,47.14473,-119.466088
53027,46.991256,-123.767517
53029,48.2063,-122.576951
53031,48.010517,-122.820477
53033,47.550488,-122.230405
53035,47.612218,-122.63287
53037,47.051833,-120.630456
53039,45.79839,-121.146148
53041,46.61892,-122.839231
53043,47.638472,-118.324539
53045,47.288559,-123.034441
53047,48.446072,-119.591995
53049,46.524578,-123.904809
53051,48.281535,-117.224181
53053,47.177735,-122.407463
53055,48.575232,-122.979166
53057,48.4668,-122.33534
53059,45.688621,-121.93421
53061,47.927544,-122.188806
53063,47.680212,-117.368939
53065,48.277695,-117.812987
53067,47.00087,-122.836576
53069,46.236473,-123.426151
53071,46.077907,-118.391181
53073,48.82321,-122.487638
53075,46.793601,-117.21808
53077,46.519342,-120.42159
54001,39.110076,-80.004391
54003,39.458843,-77.98117
54005,38.05644,-81.757507
54007,38.691905,-80.723592
54009,40.309452,-80.585926
54011,38.413593,-82.335182
54013,38.852608,-81.104396
54015,38.471941,-81.09932
54017,39.285261,-80.721305
54019,38.032534,-81.129034
54021,38.923122,-80.826516
54023,39.058737,-79.16103
54025,37.854476,-80.490891
54027,39.329412,-78.610531
54029,40.477168,-80.568865
54031,39.039184,-78.88137
54033,39.287852,-80.338827
54035,38.83984,-81.713096
54037,39.313836,-77.847631
54039,38.363316,-81.658246
54041,39.034218,-80.4678
54043,38.201811,-82.066388
54045,37.856159,-81.972493
54047,37.396396,-81.656256
54049,39.484338,-80.178811
54051,39.928298,-80.704828
54053,38.827547,-82.058308
54055,37.352588,-81.138228
54057,39.46477,-78.909653
54059,37.704029,-82.153272
54061,39.636527,-79.956836
54063,37.524766,-80.641965
54065,39.580983,-78.223029
54067,38.278413,-80.77232
54069,40.078539,-80.672291
54071,38.672348,-79.337977
54073,39.383391,-81.192758
54075,38.286975,-80.021443
54077,39.50551,-79.669791
54079,38.474402,-81.929372
54081,37.77054,-81.200033
54083,38.870878,-79.872452
54085,39.217711,-81.041532
54087,38.728527,-81.345745
54089,37.665228,-80.849424
54091,39.33862,-80.066874
54093,39.110662,-79.602086
54095,39.51456,-80.930534
54097,38.954081,-80.228505
54099,38.267338,-82.494193
54101,38.469754,-80.476189
54103,39.630012,-80.768843
54105,39.05422,-81.394474
54107,39.266981,-81.530587
54109,37.628585,-81.567271
55001,43.946194,-89.78312
55003,46.475919,-90.785419
55005,45.437002,-91.815142
55007,46.594106,-91.104441
55009,44.497155,-88.034145
55011,44.380158,-91.74144
55013,45.836891,-92.403811
55015,44.152617,-88.262936
55017,44.984928,-91.328087
55019,44.78814,-90.550998
55021,43.460151,-89.366154
55023,43.165384,-91.005118
55025,43.07564,-89.395501
55027,43.435904,-88.713062
55029,44.915074,-87.335769
55031,46.628582,-92.01483
55033,44.914658,-91.892915
55035,44.790208,-91.454792
55037,45.853651,-88.244316
55039,43.765547,-88.487004
55041,45.563411,-88.812092
55043,42.827213,-90.612643
55045,42.673838,-89.575106
55047,43.845067,-89.014675
55049,42.981998,-90.12223
55051,46.343183,-90.189954
55053,44.320677,-90.903038
55055,43.040342,-88.785594
55057,43.843115,-90.09764
55059,42.572393,-87.924047
55061,44.527818,-87.591703
55063,43.861018,-91.208863
55065,42.663323,-90.140565
55067,45.185054,-89.104985
55069,45.288548,-89.686454
55071,44.10361,-87.724344
55073,44.907455,-89.707823
55075,45.219097,-87.848007
55077,43.810948,-89.407897
55078,44.912634,-88.635691
55079,43.031416,-87.959526
55081,43.942578,-90.644211
55083,44.895367,-88.146318
55085,45.71099,-89.493946
55087,44.308666,-88.401368
55089,43.31881,-87.950093
55091,44.591768,-91.987424
55093,44.77335,-92.547747
55095,45.404946,-92.481404
55097,44.498026,-89.526076
55099,45.724359,-90.39805
55101,42.735037,-87.928046
55103,43.350268,-90.390394
55105,42.65481,-89.037935
55107,45.44497,-91.130594
55109,45.017968,-92.580626
55111,43.449264,-89.868041
55113,45.938054,-91.345247
55115,44.786908,-88.681002
55117,43.733622,-87.819076
55119,45.172334,-90.408593
55121,44.287418,-91.363458
55123,43.605271,-90.835696
55125,45.988218,-89.496963
55127,42.662934,-88.540338
55129,45.848159,-91.835392
55131,43.345574,-88.216407
55133,43.03596,-88.236186
55135,44.432697,-88.937028
55137,44.101477,-89.225784
55139,44.101514,-88.540906
55141,44.478457,-89.962546
56001,41.313442,-105.596073
56003,44.635296,-108.250971
56005,44.257046,-105.495519
56007,41.659869,-107.078124
56009,42.788528,-105.520738
56011,44.434922,-104.619744
56013,43.010698,-108.609469
56015,42.050142,-104.220172
56017,43.661523,-108.232641
56019,44.288278,-106.695709
56021,41.153937,-104.771336
56023,42.648291,-110.872872
56025,42.842184,-106.335315
56027,42.810897,-104.450987
56029,44.614008,-108.97254
56031,42.106509,-104.929825
56033,44.780986,-106.977846
56035,42.807278,-109.943507
56037,41.580564,-109.302521
56039,43.491744,-110.785815
56041,41.271502,-110.760395
56043,44.012223,-107.905059
56045,43.908449,-104.304384
72001,18.173646,-66.740925
72003,18.362557,-67.176449
72005,18.459888,-67.12633
72007,18.24874,-66.122947
72009,18.137305,-66.268687
72011,18.290392,-67.139988
72013,18.439048,-66.69096
72015,17.984834,-66.054877
72017,18.444507,-66.5587
72019,18.203009,-66.311406
72021,18.37294,-66.168187
72023,18.070386,-67.156738
72025,18.226891,-66.045972
72027,18.444506,-66.863259
72029,18.359601,-65.895249
72031,18.392727,-65.971732
72033,18.436657,-66.141417
72035,18.119389,-66.150454
72037,18.262878,-65.656285
72039,18.314892,-66.493664
72041,18.171979,-66.151298
72043,18.078888,-66.361654
72045,18.226917,-66.223805
72047,18.31652,-66.322897
72049,18.311911,-65.301885
72051,18.440335,-66.284058
72053,18.327234,-65.656969
72054,18.368416,-66.563073
72055,17.985564,-66.912035
72057,17.981079,-66.120144
72059,18.03273,-66.793032
72061,18.366345,-66.113295
72063,18.253807,-65.979538
72065,18.440804,-66.797657
72067,18.141179,-67.120847
72069,18.141972,-65.816921
72071,18.473708,-67.018163
72073,18.21663,-66.593669
72075,18.040776,-66.503885
72077,18.223898,-65.913785
72079,18.032554,-67.046992
72081,18.293906,-66.870739
72083,18.242125,-66.993323
72085,18.180422,-65.873796
72087,18.418901,-65.869088
72089,18.361491,-65.723304
72091,18.427989,-66.482736
72093,18.176418,-66.955125
72095,18.010392,-65.90469
72097,18.200407,-67.132661
72099,18.380886,-67.083785
72101,18.328822,-66.412994
72103,18.218695,-65.749375
72105,18.292637,-66.251108
72107,18.222018,-66.406737
72109,18.007498,-66.00459
72111,18.058586,-66.722282
72113,18.02175,-66.616993
72115,18.45455,-66.92736
72117,18.334123,-67.233645
72119,18.367271,-65.827512
72121,18.070416,-66.950547
72123,17.991105,-66.260357
72125,18.096123,-67.041209
72127,18.401963,-66.056207
72129,18.171583,-65.972121
72131,18.335187,-66.982212
72133,17.98922,-66.394622
72135,18.367369,-66.229556
72137,18.429333,-66.201719
72139,18.35072,-66.008142
72141,18.268678,-66.707197
72143,18.423353,-66.331592
72145,18.439692,-66.399082
72147,18.134221,-65.448953
72149,18.123806,-66.486557
72151,18.068957,-65.885852
72153,18.043328,-66.859541
